File path,/AA,/Encrypt,/JavaScript,/JBIG2Decode,/JS,/OpenAction,/Page,endobj,endstream,obj,startxref,stream,trailer,xref,
D:\Dropbox\BGU-ISE-Ph.D\ICSML2016\ICSML2016 - Lec2\PDF samples\032c54f881181f996e3dd5dd9943f54692cec6d662d5025221d932db5935850f,0,0,0,0,0,0,3,29,6,61,1,12,1,2,
D:\Dropbox\BGU-ISE-Ph.D\ICSML2016\ICSML2016 - Lec2\PDF samples\050a4d1c0a0d8aec5a01c8c6205ef92d8c881fc246e23dca732ea3ce6ed4b836,0,0,0,0,0,0,3,28,9,57,1,18,1,2,
D:\Dropbox\BGU-ISE-Ph.D\ICSML2016\ICSML2016 - Lec2\PDF samples\0659d48c7dfa5be89cf3c54d82b4092c27bd2685be4293c83952b8e2189579d8,0,0,0,0,0,0,3,11,2,22,1,4,1,2,
D:\Dropbox\BGU-ISE-Ph.D\ICSML2016\ICSML2016 - Lec2\PDF samples\066e1876cf6135b63eb659ab2cc4b2bc76da7db8228c268785bd9fe716844f3f,0,0,0,0,0,0,3,23,8,47,1,16,1,2,
D:\Dropbox\BGU-ISE-Ph.D\ICSML2016\ICSML2016 - Lec2\PDF samples\06a45bf943325e1b5f984f9e606d9d424049b30f10f867db47e8d5bb4e319816,0,0,0,0,0,0,3,41,14,83,1,28,1,2,
D:\Dropbox\BGU-ISE-Ph.D\ICSML2016\ICSML2016 - Lec2\PDF samples\07448676350a67be5f0f89191337136546109f165aab6f55ad0adbd2372142d4,0,0,0,0,0,0,3,12,1,25,1,2,1,2,
D:\Dropbox\BGU-ISE-Ph.D\ICSML2016\ICSML2016 - Lec2\PDF samples\075e7b30250b7046799064a9959726d00d3e2ad7c76869d780e3c3c4fdaa7690,0,0,0,0,0,0,3,31,8,64,1,19,1,2,
D:\Dropbox\BGU-ISE-Ph.D\ICSML2016\ICSML2016 - Lec2\PDF samples\076c6cfb7d72cd6db4757962d47fec8da7f88ddbbc15574d91bc3d261b075843,0,0,0,0,0,0,6,14,4,32,1,8,1,2,
D:\Dropbox\BGU-ISE-Ph.D\ICSML2016\ICSML2016 - Lec2\PDF samples\092c41603e253dbbe69ea76a16e6aef148642bb7b3ad887c8ed4737ee398685c,0,0,0,0,0,0,3,31,8,63,1,16,1,2,
D:\Dropbox\BGU-ISE-Ph.D\ICSML2016\ICSML2016 - Lec2\PDF samples\0aa12e73879631925a0a3e372b4dfd6d8a5de70d3ed40d6b4383a56e16c1328c,0,0,0,0,0,1,3,19,4,38,1,8,1,2,
D:\Dropbox\BGU-ISE-Ph.D\ICSML2016\ICSML2016 - Lec2\PDF samples\0b09b41906d37a16bbd70a6c4bdddb3bcd98b189912d6de359cc92dbb02d7992,0,0,0,0,0,0,3,18,3,39,1,6,1,2,
D:\Dropbox\BGU-ISE-Ph.D\ICSML2016\ICSML2016 - Lec2\PDF samples\0b4e34c10c073ff4cfc76ab176c8795facfc63e52b18f4fec2794ed72fc69822,0,0,0,0,0,0,3,31,16,63,1,35,1,2,
D:\Dropbox\BGU-ISE-Ph.D\ICSML2016\ICSML2016 - Lec2\PDF samples\0b78147e84d076eb4e8f08f3eb86bc8ece87d36fdfd98b502e46711eac9ef95a,0,0,0,0,0,1,3,19,4,38,1,8,1,2,
D:\Dropbox\BGU-ISE-Ph.D\ICSML2016\ICSML2016 - Lec2\PDF samples\0bf6e2b8e50025f1873a87b452ccf24f166cf013d95ff0a2638240c017619374,0,0,0,0,0,0,3,19,4,39,1,8,1,2,
D:\Dropbox\BGU-ISE-Ph.D\ICSML2016\ICSML2016 - Lec2\PDF samples\0c40fb3d53aaaf73bd0ec6290dc46a835e105103028033930d2fd7f02c97dc3f,0,0,0,0,0,0,3,48,33,105,1,69,1,2,
D:\Dropbox\BGU-ISE-Ph.D\ICSML2016\ICSML2016 - Lec2\PDF samples\0c9a21ebf90dbcde90357f7dfe7339716061087fb5d6bac11527d7f9adc45a71,0,0,0,0,0,0,3,21,6,43,1,12,1,2,
D:\Dropbox\BGU-ISE-Ph.D\ICSML2016\ICSML2016 - Lec2\PDF samples\0d2152b9c381536d91df3986f1e2a5596b4bcb959becbef0a99d41ec23326ca7,0,0,0,0,0,0,3,30,19,79,1,38,1,2,
D:\Dropbox\BGU-ISE-Ph.D\ICSML2016\ICSML2016 - Lec2\PDF samples\0da6ce9755ea0633cb5d40d4c72d94293f58e7603ec5ffadf392562742619a06,0,0,0,0,0,0,3,12,1,25,1,2,1,2,
D:\Dropbox\BGU-ISE-Ph.D\ICSML2016\ICSML2016 - Lec2\PDF samples\0ddd24cb9e4db37fb7f065fd83c16a84682952bbed869333d510f985ac899265,0,0,0,0,0,0,3,52,25,120,1,53,1,2,
D:\Dropbox\BGU-ISE-Ph.D\ICSML2016\ICSML2016 - Lec2\PDF samples\0ebcf45fe027b6d34b0213051ad0f4123b2126b84e38ed4cc90fa302624374aa,0,0,0,0,0,0,3,23,4,47,1,8,1,2,
D:\Dropbox\BGU-ISE-Ph.D\ICSML2016\ICSML2016 - Lec2\PDF samples\10a79371731ace257ac5879d9f4a1b03646a1902849905c43dc3fff399c05a83,0,0,0,0,0,0,3,12,1,25,1,2,1,2,
D:\Dropbox\BGU-ISE-Ph.D\ICSML2016\ICSML2016 - Lec2\PDF samples\10b1a588c97acf17edc67a9cf0633bf7a17af527cf6091a02af985efb9e649da,0,0,0,0,0,0,3,26,7,53,1,14,1,2,
D:\Dropbox\BGU-ISE-Ph.D\ICSML2016\ICSML2016 - Lec2\PDF samples\1114cde74e2f466509d8a5407a9a6e32e12794bdcb229d67201872e0534ac1ae,0,0,0,0,0,0,3,37,6,75,1,12,1,2,
D:\Dropbox\BGU-ISE-Ph.D\ICSML2016\ICSML2016 - Lec2\PDF samples\116b878b01066698474dc1a590f1ee3bfb61915b46e0e549cfdd6dd00164058d,0,0,0,0,0,0,3,22,7,45,1,17,1,2,
D:\Dropbox\BGU-ISE-Ph.D\ICSML2016\ICSML2016 - Lec2\PDF samples\11a212d3cb431f33fd532a3587f5c6ec568e82f3810621087e6d666d48902f5e,0,0,0,0,0,0,2,7,5,15,1,10,0,2,
D:\Dropbox\BGU-ISE-Ph.D\ICSML2016\ICSML2016 - Lec2\PDF samples\12cae21a4242a04f1ff7a3ddd23797351390a7f6f10bd79e2ca1c42f46aee150,0,0,0,0,0,1,4,24,5,48,1,10,1,2,
D:\Dropbox\BGU-ISE-Ph.D\ICSML2016\ICSML2016 - Lec2\PDF samples\13122835841c2dda016d15e52ecd42c3ccc326b0405c01ffd34192e0292f3cbf,0,0,0,0,0,0,2,7,5,15,1,10,0,2,
D:\Dropbox\BGU-ISE-Ph.D\ICSML2016\ICSML2016 - Lec2\PDF samples\1325614b8c2ef90ecdb89fd996f33abfcdf88abdc1a975c050da8268f7b578ac,0,0,0,0,0,0,3,25,6,51,1,12,1,2,
D:\Dropbox\BGU-ISE-Ph.D\ICSML2016\ICSML2016 - Lec2\PDF samples\1412081a10622449c3041ca900691d13c81c6d4a2ea88076b8db5cdbd84ca640,0,0,0,0,0,0,3,32,9,65,1,18,1,2,
D:\Dropbox\BGU-ISE-Ph.D\ICSML2016\ICSML2016 - Lec2\PDF samples\141282467e0287e225770a0ea45dbf2f40337b98553d823e0a8e9161acb507ec,0,0,0,0,0,0,3,25,6,51,1,12,1,2,
D:\Dropbox\BGU-ISE-Ph.D\ICSML2016\ICSML2016 - Lec2\PDF samples\141ab0e4191a2312391a208709219d473dccf430f3dda4e000ca0f9f3f1aefe3,0,0,0,0,0,0,3,46,15,100,1,30,1,2,
D:\Dropbox\BGU-ISE-Ph.D\ICSML2016\ICSML2016 - Lec2\PDF samples\1427d218742f0bdc13f91c82042f4360d240c16de5f3260a03ee267fdc4dd0ad,0,0,0,0,0,0,3,18,3,37,1,6,1,2,
D:\Dropbox\BGU-ISE-Ph.D\ICSML2016\ICSML2016 - Lec2\PDF samples\148ced203193676bd3c5ef21aed92d34160222880c4a31feb9cb7f1e22fc0bae,0,0,0,0,0,0,3,26,7,53,1,14,1,2,
D:\Dropbox\BGU-ISE-Ph.D\ICSML2016\ICSML2016 - Lec2\PDF samples\14f78328921a23dc6559e7dfc6b0ce4e7badbb816ae9573bcc9d237692005c1f,0,0,0,0,0,0,3,35,8,71,1,16,1,2,
D:\Dropbox\BGU-ISE-Ph.D\ICSML2016\ICSML2016 - Lec2\PDF samples\15a912d1ef54cf415e7d298479e6e072484e753106d83cf04cec8356a481265a,0,0,0,0,0,0,3,28,13,57,1,29,1,2,
D:\Dropbox\BGU-ISE-Ph.D\ICSML2016\ICSML2016 - Lec2\PDF samples\16f30adc904dc11a628cd2dff360b194dec4d455406125f7b008e29d59158086,0,0,0,0,0,0,3,23,4,47,1,8,1,2,
D:\Dropbox\BGU-ISE-Ph.D\ICSML2016\ICSML2016 - Lec2\PDF samples\18226579511dadee84ad3dc4d0147361956f8d166b20f8dc7163e44beb718cba,0,0,0,0,0,0,3,31,16,63,1,35,1,2,
D:\Dropbox\BGU-ISE-Ph.D\ICSML2016\ICSML2016 - Lec2\PDF samples\1860ffb1b144b5fa64b9709bd9a4a1bf5981a0c98f8db100378bacc631a7b6aa,0,0,0,0,0,0,3,25,6,56,1,12,1,2,
D:\Dropbox\BGU-ISE-Ph.D\ICSML2016\ICSML2016 - Lec2\PDF samples\190b6625833d8e877eb1c3979f5b762b29abcd040ed81004cf29fc153a39bf49,0,0,0,0,0,0,3,28,11,60,1,25,1,2,
D:\Dropbox\BGU-ISE-Ph.D\ICSML2016\ICSML2016 - Lec2\PDF samples\19d495deafb0feb6cd011abbf84c1cbecdb71bab199cc31fd8fc4171a8f4d1de,0,0,0,0,0,0,2,7,5,15,1,10,0,2,
D:\Dropbox\BGU-ISE-Ph.D\ICSML2016\ICSML2016 - Lec2\PDF samples\19ea58d849095e5edc8b30b64d40f2ea74e1ab74d506f3048a29f5af3d1c52c9,0,0,0,0,0,0,13,44,20,93,2,40,2,6,
D:\Dropbox\BGU-ISE-Ph.D\ICSML2016\ICSML2016 - Lec2\PDF samples\1a0c1121a33234026a2382a1b3c488e53584e1948e1e9d3307573bbb3604fa68,0,0,0,0,0,0,3,24,9,49,1,21,1,2,
D:\Dropbox\BGU-ISE-Ph.D\ICSML2016\ICSML2016 - Lec2\PDF samples\1aeef60237ee0f065bba0328d1c64d883c5bb460505ae65623d5d069d487dff3,0,0,0,0,0,0,3,27,8,57,1,16,1,2,
D:\Dropbox\BGU-ISE-Ph.D\ICSML2016\ICSML2016 - Lec2\PDF samples\1b4eb07ec34ff42f9e47a8304ddc62f2489b74f6a4bf0140be05a09587bceeb9,0,0,0,0,0,0,3,24,5,49,1,10,1,2,
D:\Dropbox\BGU-ISE-Ph.D\ICSML2016\ICSML2016 - Lec2\PDF samples\1ced20e6839a96aab219c357b23c8fc5be1a75447693c7234b967c5d6f94f0e1,0,0,0,0,0,0,3,40,25,85,1,53,1,2,
D:\Dropbox\BGU-ISE-Ph.D\ICSML2016\ICSML2016 - Lec2\PDF samples\1d81308bd3cfba67c235f35432e42887d0c1f1f88cd18a71409213aab437a690,0,0,0,0,0,0,3,27,8,55,1,16,1,2,
D:\Dropbox\BGU-ISE-Ph.D\ICSML2016\ICSML2016 - Lec2\PDF samples\1db368fff39c188a09aa92fe95192dedc005db0be67239a1ef11994c3a23afa0,0,0,0,0,0,0,3,25,6,51,1,12,1,2,
D:\Dropbox\BGU-ISE-Ph.D\ICSML2016\ICSML2016 - Lec2\PDF samples\1f6d932f3b8daf9e2b06421bd035992435b698431010bf3de98e42cd6248353b,0,0,0,0,0,0,3,18,3,37,1,6,1,2,
D:\Dropbox\BGU-ISE-Ph.D\ICSML2016\ICSML2016 - Lec2\PDF samples\1fc5c82d1b379ceb5bbb9132f57ccdef964e0494cd0c072d3b0a62d3f7987072,0,0,0,0,0,0,4,10,2,20,1,4,1,2,
D:\Dropbox\BGU-ISE-Ph.D\ICSML2016\ICSML2016 - Lec2\PDF samples\1fccac4f5e3a8970e82aeeb41e9ef64a609511e9d4c19e922c079185932cbb2f,0,0,0,0,0,0,3,25,6,51,1,12,1,2,
D:\Dropbox\BGU-ISE-Ph.D\ICSML2016\ICSML2016 - Lec2\PDF samples\20b1332020a59e4e323551ab82957945c4d4d402301cab50279d7f5bb15fa0e8,0,0,0,0,0,0,3,47,32,104,1,67,1,2,
D:\Dropbox\BGU-ISE-Ph.D\ICSML2016\ICSML2016 - Lec2\PDF samples\2132be73c3cb2c392b656097b1499e1732a6a37d9d5a31ca02f4d768e7dd6e78,0,0,0,0,0,0,3,28,9,63,1,18,1,2,
D:\Dropbox\BGU-ISE-Ph.D\ICSML2016\ICSML2016 - Lec2\PDF samples\21e39ddc99648c89d140041a4deccccdd2833e0bd24e5f6a09def7239b6be9d3,0,0,0,0,0,0,3,36,13,81,1,26,1,2,
D:\Dropbox\BGU-ISE-Ph.D\ICSML2016\ICSML2016 - Lec2\PDF samples\222fbc0475cec7daf9cb90e3b23c959a6bdaff2a074d2df008e56fa13d0914cb,0,0,0,0,0,0,3,23,4,50,1,8,1,2,
D:\Dropbox\BGU-ISE-Ph.D\ICSML2016\ICSML2016 - Lec2\PDF samples\229cefc909e6e21b1ed591684e2560c2ac22270cc4f36935b927e04c211942ef,0,0,0,0,0,0,3,23,8,54,1,16,1,2,
D:\Dropbox\BGU-ISE-Ph.D\ICSML2016\ICSML2016 - Lec2\PDF samples\22ae16013c4fb1cf99684301b5666d5306afa626d638afdbce00dd3222a7e94e,0,0,0,0,0,1,3,15,4,30,1,8,1,2,
D:\Dropbox\BGU-ISE-Ph.D\ICSML2016\ICSML2016 - Lec2\PDF samples\22fda9713cc5b1479b0997b9c8c4d69fe79b4ec475d7c11c3f89e59c0ba89788,0,0,0,0,0,0,3,31,16,67,1,35,1,2,
D:\Dropbox\BGU-ISE-Ph.D\ICSML2016\ICSML2016 - Lec2\PDF samples\23302f9279d3d7ed6c47d54257b4961a6f59d2ea1933669183b9dfa54e37ae04,0,0,0,0,0,0,3,30,7,64,1,14,1,2,
D:\Dropbox\BGU-ISE-Ph.D\ICSML2016\ICSML2016 - Lec2\PDF samples\240164bc52272d371a77230a3b6f3f48ce92e9b29739e020d5f00dbd8485d2c5,0,0,0,0,0,0,3,22,3,45,1,6,1,2,
D:\Dropbox\BGU-ISE-Ph.D\ICSML2016\ICSML2016 - Lec2\PDF samples\253399711ca555daa50f16f6354f306921fa09f4bd931fe41b142e0e017bb7e2,0,0,0,0,0,0,3,39,8,85,1,16,1,2,
D:\Dropbox\BGU-ISE-Ph.D\ICSML2016\ICSML2016 - Lec2\PDF samples\25cb29e8a607bd96191e2436ee68e0f64598773ecd9d0b25f1175d7f1cfc4047,0,0,0,0,0,0,3,24,5,49,1,10,1,2,
D:\Dropbox\BGU-ISE-Ph.D\ICSML2016\ICSML2016 - Lec2\PDF samples\26016b934fce41b8dc2fe9069c243daa19caeda11bc2b24ccadca93141eddce0,0,0,0,0,0,0,3,28,9,57,1,18,1,2,
D:\Dropbox\BGU-ISE-Ph.D\ICSML2016\ICSML2016 - Lec2\PDF samples\29acfa52d3072c54aef8a1adf81435cd7c1615bbb937f065c326186f4a712f82,0,0,0,0,0,0,3,37,18,75,1,36,1,2,
D:\Dropbox\BGU-ISE-Ph.D\ICSML2016\ICSML2016 - Lec2\PDF samples\2ab7daff328b0bcc023b750af05595c124759bcba6870f9c89cb1f3dd21aeba8,0,0,0,0,0,0,2,6,4,13,1,8,0,2,
D:\Dropbox\BGU-ISE-Ph.D\ICSML2016\ICSML2016 - Lec2\PDF samples\2ac60e938a10508ed457d27c241a0f4716dd1228f0c8103b0a2f7d53419b2e66,0,0,0,0,0,0,2,7,5,15,1,10,0,2,
D:\Dropbox\BGU-ISE-Ph.D\ICSML2016\ICSML2016 - Lec2\PDF samples\2d3d3ca63f984e769cc112f77352a11c2b52a09840e31dab3cc75aef5927367a,0,0,0,0,0,0,3,48,33,106,1,69,1,2,
D:\Dropbox\BGU-ISE-Ph.D\ICSML2016\ICSML2016 - Lec2\PDF samples\2d52104146784b03eae5cfb50b421f87186f8dbccedf3d78fae845c85ab92163,0,0,0,0,0,0,3,28,9,59,1,18,1,2,
D:\Dropbox\BGU-ISE-Ph.D\ICSML2016\ICSML2016 - Lec2\PDF samples\2d99f8c1e6d28141f4ad7c4d1d3a391d5081f3fb01daed65b419ef748f9e5bc5,0,0,0,0,0,0,3,12,1,25,1,2,1,2,
D:\Dropbox\BGU-ISE-Ph.D\ICSML2016\ICSML2016 - Lec2\PDF samples\2dc11404ff36816e184a55cf6e1ed3dfaedc38be4071e32f7198d5ae773f18b6,0,0,0,0,0,0,3,39,8,83,1,16,1,2,
D:\Dropbox\BGU-ISE-Ph.D\ICSML2016\ICSML2016 - Lec2\PDF samples\3002c0f2ef5e279d2c9d91136c15cd9776c1c2837cf28664eb7b0854b7cf6e33,0,0,0,0,0,0,3,33,10,67,1,20,1,2,
D:\Dropbox\BGU-ISE-Ph.D\ICSML2016\ICSML2016 - Lec2\PDF samples\30857d3464caf770db3e201141d6c3d6e0617afd983661075c5bbb8493843c9f,0,0,0,0,0,0,4,18,4,36,2,8,2,4,
D:\Dropbox\BGU-ISE-Ph.D\ICSML2016\ICSML2016 - Lec2\PDF samples\31cf75609a745e7e04879fcc1bef0844145716393cbc207d159e477a9185d778,0,0,0,0,0,0,3,29,18,76,1,36,1,2,
D:\Dropbox\BGU-ISE-Ph.D\ICSML2016\ICSML2016 - Lec2\PDF samples\325234eb27d912622978a6562b8b5c6c93d8f9a47ff05ced3fe2450d84c0804b,0,0,0,0,0,0,3,14,3,29,2,6,2,6,
D:\Dropbox\BGU-ISE-Ph.D\ICSML2016\ICSML2016 - Lec2\PDF samples\32ed25d5621e97f7e553f97f42c32edf5113b9c75439dbadb6533ae40267e46f,0,0,0,0,0,1,3,19,4,38,1,8,1,2,
D:\Dropbox\BGU-ISE-Ph.D\ICSML2016\ICSML2016 - Lec2\PDF samples\33047e8ec219e19874f60500d9b6fb420c132e7af5e7b3ba89c0154af0fe0a92,0,0,0,0,0,0,0,10,10,21,1,20,0,2,
D:\Dropbox\BGU-ISE-Ph.D\ICSML2016\ICSML2016 - Lec2\PDF samples\332b4463d63efd6b14e0528b3d980f48f93333ebfffab48abc7fcc1e83c313cb,0,0,0,0,0,0,2,14,11,32,2,22,0,4,
D:\Dropbox\BGU-ISE-Ph.D\ICSML2016\ICSML2016 - Lec2\PDF samples\33e770885733dd26b78ab20455832fcf1ded40666302f9315985f7c62006f059,0,0,0,0,0,0,3,26,9,55,1,21,1,2,
D:\Dropbox\BGU-ISE-Ph.D\ICSML2016\ICSML2016 - Lec2\PDF samples\3792a2e6faaa024e7e5942ce63042e64c0021543e60b0701a0ed1d49ff2d5bb0,0,0,0,0,0,0,6,7,2,16,1,4,1,2,
D:\Dropbox\BGU-ISE-Ph.D\ICSML2016\ICSML2016 - Lec2\PDF samples\379b27b5e774465be1c2d944057b3c5553f9dc7faf46f7cb493200ef7fcb56a1,0,0,0,0,0,0,3,27,8,55,1,16,1,2,
D:\Dropbox\BGU-ISE-Ph.D\ICSML2016\ICSML2016 - Lec2\PDF samples\384354c873f69ebaeb06f3dbbaaf83dde96ebdd60f3d9578486d0e552465cc5c,0,0,0,0,0,0,10,11,4,26,1,8,1,2,
D:\Dropbox\BGU-ISE-Ph.D\ICSML2016\ICSML2016 - Lec2\PDF samples\38816f4e71f6e9defbb86d90a5c604b6917d6cc430d2b1ace19b533eb162a45c,0,0,0,0,0,0,3,22,3,47,1,6,1,2,
D:\Dropbox\BGU-ISE-Ph.D\ICSML2016\ICSML2016 - Lec2\PDF samples\389576ff1ce69dbad4292f92ab6ed7f8ae1db35766b516af80bf81969ad43d53,0,0,0,0,0,0,3,13,2,28,1,4,1,2,
D:\Dropbox\BGU-ISE-Ph.D\ICSML2016\ICSML2016 - Lec2\PDF samples\398ed0088faad7233832379c8ee89e51f520e0dacbed9f081f91303f6beb0309,0,0,0,0,0,0,2,6,4,13,1,8,0,2,
D:\Dropbox\BGU-ISE-Ph.D\ICSML2016\ICSML2016 - Lec2\PDF samples\39a28b5dc9292048582b0cd285df0841811ad404c297a347ed817737223cd2a2,0,0,0,0,0,0,4,50,10,100,1,20,1,2,
D:\Dropbox\BGU-ISE-Ph.D\ICSML2016\ICSML2016 - Lec2\PDF samples\3aef0ac4f0c3f345a608be9e40f6ca68ad6e3daf1c57154b5aac4248a5318947,0,0,0,0,0,0,3,36,9,73,1,18,1,2,
D:\Dropbox\BGU-ISE-Ph.D\ICSML2016\ICSML2016 - Lec2\PDF samples\3b0ceee685326268cef434db51162c0e6fc68967f4db049ec0d31a582fedbe15,0,0,0,0,0,0,3,33,14,67,1,31,1,2,
D:\Dropbox\BGU-ISE-Ph.D\ICSML2016\ICSML2016 - Lec2\PDF samples\3b7377492c6a88583aa9736c6693e7f686475e4b8554651f68c36ffb60c3f683,0,0,0,0,0,0,2,7,5,15,1,10,0,2,
D:\Dropbox\BGU-ISE-Ph.D\ICSML2016\ICSML2016 - Lec2\PDF samples\3bc56d793e1719ac113f47803266d25c5c959f3542f74901681fcbb8b0d04425,0,0,0,0,0,0,2,7,5,15,1,10,0,2,
D:\Dropbox\BGU-ISE-Ph.D\ICSML2016\ICSML2016 - Lec2\PDF samples\3cd7f9a850fdfcf115059153791afd18feebae9d5b466f9337bd987b2cd41bf8,0,0,0,0,0,0,3,24,5,52,1,10,1,2,
D:\Dropbox\BGU-ISE-Ph.D\ICSML2016\ICSML2016 - Lec2\PDF samples\3cf623ac9c71b6b43862561565126030c1f5c322b947d7b7323eee10d91444a7,0,0,0,0,0,0,3,27,12,55,1,24,1,2,
D:\Dropbox\BGU-ISE-Ph.D\ICSML2016\ICSML2016 - Lec2\PDF samples\3d927d56e94d7643eb61cde22258fb5075326d5cf3d6c2993df070f522dedf35,0,0,0,0,0,0,3,13,2,28,1,4,1,2,
D:\Dropbox\BGU-ISE-Ph.D\ICSML2016\ICSML2016 - Lec2\PDF samples\3dbdf05da52c91d531e3990cc583a8e7a5a4c8b2d077134f0feb5218cf5680cc,0,0,0,0,0,0,3,29,6,59,1,12,1,2,
D:\Dropbox\BGU-ISE-Ph.D\ICSML2016\ICSML2016 - Lec2\PDF samples\40275fe1b47d191d320af86c121fb22c94bd617eb54e95af996138941ba4069b,0,0,0,0,0,0,2,6,4,13,1,8,0,2,
D:\Dropbox\BGU-ISE-Ph.D\ICSML2016\ICSML2016 - Lec2\PDF samples\408ea533028fd3eaeaac82cd1e2956543aead58500ef031426b9abf66e7babb4,0,0,0,0,0,0,3,23,4,48,1,8,1,2,
D:\Dropbox\BGU-ISE-Ph.D\ICSML2016\ICSML2016 - Lec2\PDF samples\417e36ae9305ca1af4f9371660749fef43595827e6f8db6f376da301ba4bf53e,0,0,0,0,0,0,2,7,5,15,1,10,0,2,
D:\Dropbox\BGU-ISE-Ph.D\ICSML2016\ICSML2016 - Lec2\PDF samples\42e058158245732450fccac49070ffb9f19c9ed105db75321c37e77f686a0660,0,0,0,0,0,0,3,22,7,45,1,17,1,2,
D:\Dropbox\BGU-ISE-Ph.D\ICSML2016\ICSML2016 - Lec2\PDF samples\42e3fb1fe9f6952fa507b895d43d2bf189c9fa34cf16a1d740b9d1b72d22fc46,0,0,0,0,0,0,3,37,22,75,1,47,1,2,
D:\Dropbox\BGU-ISE-Ph.D\ICSML2016\ICSML2016 - Lec2\PDF samples\43c910ce09f35d2b4fafbbd4d99848d795bf793b2169c0bd054d39a808e612b2,0,0,0,0,0,0,3,36,21,73,1,45,1,2,
D:\Dropbox\BGU-ISE-Ph.D\ICSML2016\ICSML2016 - Lec2\PDF samples\4446437c480d4a3d5fe4ecbf0f4268b533d3a88b8f989a9e76c9d0a60dc2b00c,0,0,0,0,0,0,3,27,12,66,1,24,1,2,
D:\Dropbox\BGU-ISE-Ph.D\ICSML2016\ICSML2016 - Lec2\PDF samples\44835917ce37c7025f822ad3006dcfbd9a6e55a87964d7b27ec603821f4ee2b0,0,0,0,0,0,0,3,23,4,47,1,8,1,2,
D:\Dropbox\BGU-ISE-Ph.D\ICSML2016\ICSML2016 - Lec2\PDF samples\4565f6e5431b5ceb4ffca7bd75b7b0fabd441fede6c9bd4951b0c5aa9e13b3bb,0,0,0,0,0,0,3,22,3,45,1,6,1,2,
D:\Dropbox\BGU-ISE-Ph.D\ICSML2016\ICSML2016 - Lec2\PDF samples\45c9e270e73ec870a0dcdb659c7b096b6275b105ede84189d11e3fbda03e98a6,0,0,0,0,0,0,3,25,6,55,1,12,1,2,
D:\Dropbox\BGU-ISE-Ph.D\ICSML2016\ICSML2016 - Lec2\PDF samples\45deda6ebec294ce1fd3bb212fc4ecff0a607061ec1089ff036dc2843f547fb5,0,0,0,0,0,0,3,23,4,50,1,8,1,2,
D:\Dropbox\BGU-ISE-Ph.D\ICSML2016\ICSML2016 - Lec2\PDF samples\468bac912d9cee9701b83202aa913595aaa89228c4b3825838ad2722271a491e,0,0,0,0,0,0,3,44,29,97,1,61,1,2,
D:\Dropbox\BGU-ISE-Ph.D\ICSML2016\ICSML2016 - Lec2\PDF samples\472af563a77f182a9dc723e8f9a2048f078a35dd69c13d4877057c4c3d5b0884,0,0,0,0,0,0,3,41,14,92,1,28,1,2,
D:\Dropbox\BGU-ISE-Ph.D\ICSML2016\ICSML2016 - Lec2\PDF samples\479cd444d1504845c9d62d64ff82faf511dae7f35e796d40c8ba6e19b718ff00,0,0,0,0,0,0,3,12,1,25,1,2,1,2,
D:\Dropbox\BGU-ISE-Ph.D\ICSML2016\ICSML2016 - Lec2\PDF samples\481256970e082e2cc5c303add140bddd4b8c1d4676c332b53c9b9b1561936136,0,0,0,0,0,0,3,13,2,28,1,4,1,2,
D:\Dropbox\BGU-ISE-Ph.D\ICSML2016\ICSML2016 - Lec2\PDF samples\49ba21b29c016aea67f60100d5d9d682faee14efd1a942b035054a61ce0135fa,0,0,0,0,0,0,3,16,3,35,1,6,1,2,
D:\Dropbox\BGU-ISE-Ph.D\ICSML2016\ICSML2016 - Lec2\PDF samples\49ffacf1cf0ef40c108ddf4829a743566a36bf72e37b286bb3508bb90659cf00,0,0,0,0,0,0,3,28,9,61,1,18,1,2,
D:\Dropbox\BGU-ISE-Ph.D\ICSML2016\ICSML2016 - Lec2\PDF samples\4c527705fd5c20495f6899091ee4d9b9d6bbdd81192a4d7c7bb69fd34b701adc,0,0,0,0,0,0,3,23,4,47,1,8,1,2,
D:\Dropbox\BGU-ISE-Ph.D\ICSML2016\ICSML2016 - Lec2\PDF samples\4c914bc0c1a7b9e7c3f79f8bc5b0a5f2b0ba1c877351c4e1bbcdf64a7b4c710d,0,0,0,0,0,0,3,29,6,62,1,12,1,2,
D:\Dropbox\BGU-ISE-Ph.D\ICSML2016\ICSML2016 - Lec2\PDF samples\4ccdfa8fea5d81e60bf6c8f604fd23a73dee9544f991c31163125b5e4a4ea960,0,0,0,0,0,0,3,27,12,58,1,27,1,2,
D:\Dropbox\BGU-ISE-Ph.D\ICSML2016\ICSML2016 - Lec2\PDF samples\4de7a141458330c04ace6d09e1b5b4882de0f7623d3ae99e37b0bc5c5093d256,0,0,0,0,0,0,3,13,2,27,1,4,1,2,
D:\Dropbox\BGU-ISE-Ph.D\ICSML2016\ICSML2016 - Lec2\PDF samples\4eaaedc285e66a862633b77ba0d0c125cc273b51440ec2639afb0a78ed7500b7,0,0,0,0,0,0,3,23,4,48,1,8,1,2,
D:\Dropbox\BGU-ISE-Ph.D\ICSML2016\ICSML2016 - Lec2\PDF samples\4ebd37f3768be1cb362f66e5c0634190038ed7dbc74de9b3f8dbf37c9cb1f98a,0,0,0,0,0,0,2,7,5,15,1,10,0,2,
D:\Dropbox\BGU-ISE-Ph.D\ICSML2016\ICSML2016 - Lec2\PDF samples\4fe8e89ba569c199d09aa599f9eab47552a6ca614288e19d408a4b9b136e5b2f,0,0,0,0,0,0,3,25,6,52,1,12,1,2,
D:\Dropbox\BGU-ISE-Ph.D\ICSML2016\ICSML2016 - Lec2\PDF samples\4ffcefc4232508a97c7f2d550a800714acedb36010bfc01834bdf86fff6238d2,0,0,0,0,0,0,3,26,7,53,1,14,1,2,
D:\Dropbox\BGU-ISE-Ph.D\ICSML2016\ICSML2016 - Lec2\PDF samples\501530eb02e8f8503718c5b2632e63e67b1d2153d7d96dab5c289859bacd57da,0,0,0,0,0,0,3,45,22,100,1,44,1,2,
D:\Dropbox\BGU-ISE-Ph.D\ICSML2016\ICSML2016 - Lec2\PDF samples\50baf1154e7aee9b64462976452e5348e2f16cab165e66b97f4ecbbedae60300,0,0,0,0,0,0,0,11,11,25,1,22,0,2,
D:\Dropbox\BGU-ISE-Ph.D\ICSML2016\ICSML2016 - Lec2\PDF samples\5126c664025123bcecbc03166cc80718bfb45b7310a00c6584307a9d779c8888,0,0,0,0,0,0,3,23,4,47,1,8,1,2,
D:\Dropbox\BGU-ISE-Ph.D\ICSML2016\ICSML2016 - Lec2\PDF samples\51d705be268a3d891cf0b81dc7df1a2652077fec28cf510e9e491bd6573ebc6f,0,0,0,0,0,0,3,23,4,50,1,8,1,2,
D:\Dropbox\BGU-ISE-Ph.D\ICSML2016\ICSML2016 - Lec2\PDF samples\51e0e7ebc6c0823a90c942d8f11881b209d031dd125b04129afd9a1b6c99de05,0,0,0,0,0,0,3,25,6,56,1,12,1,2,
D:\Dropbox\BGU-ISE-Ph.D\ICSML2016\ICSML2016 - Lec2\PDF samples\5371ef5db1c3a56683a884a8d7b93ced5328e7cfdd7c9949c636f1e70c786d27,0,0,0,0,0,0,3,48,33,109,1,69,1,2,
D:\Dropbox\BGU-ISE-Ph.D\ICSML2016\ICSML2016 - Lec2\PDF samples\5411c9763d5def935c6eb33c459d0797f05d6175a6599f91d7e4cbe377b41c31,0,0,0,0,0,0,3,47,32,103,1,67,1,2,
D:\Dropbox\BGU-ISE-Ph.D\ICSML2016\ICSML2016 - Lec2\PDF samples\550cec1fb17d3f526acb782548571bfbc7fae2455c019132a7ed4e4c06edfb14,0,0,0,0,0,0,2,6,4,13,1,8,0,2,
D:\Dropbox\BGU-ISE-Ph.D\ICSML2016\ICSML2016 - Lec2\PDF samples\561ac68dc77716594be11da9319e10dfd072effea8d6060ce62dd80ce8fbbe95,0,0,0,0,0,0,3,27,8,55,1,16,1,2,
D:\Dropbox\BGU-ISE-Ph.D\ICSML2016\ICSML2016 - Lec2\PDF samples\56bd98a20bc6a443a70f2383316250ce8bbfc47d758efa58f857d4a485f43f8e,0,0,0,0,0,0,3,32,13,76,1,26,1,2,
D:\Dropbox\BGU-ISE-Ph.D\ICSML2016\ICSML2016 - Lec2\PDF samples\56d4bff8ff788b9d164fdcb1297c6241a5d30c18e4f130f7dd44893f286d507f,0,0,0,0,0,0,3,35,20,73,1,43,1,2,
D:\Dropbox\BGU-ISE-Ph.D\ICSML2016\ICSML2016 - Lec2\PDF samples\56db60c97fe4d494406b59b156539de022ddc5ffd3718e6075a67e9560c67208,0,0,0,0,0,0,3,23,4,50,1,8,1,2,
D:\Dropbox\BGU-ISE-Ph.D\ICSML2016\ICSML2016 - Lec2\PDF samples\56f150b220a3caf3eed6ecf8c61fab9607e2f9f3b6267834b2bc079e6bcd7e28,0,0,0,0,0,0,2,14,11,32,2,22,0,4,
D:\Dropbox\BGU-ISE-Ph.D\ICSML2016\ICSML2016 - Lec2\PDF samples\57533cac5b896c8cf9bc4b00360d9fc476fd6714a451037641859f6a08f8bb25,0,0,0,0,0,0,3,30,7,61,1,14,1,2,
D:\Dropbox\BGU-ISE-Ph.D\ICSML2016\ICSML2016 - Lec2\PDF samples\57e7fec1911c39837ba0940e8ef2ea19d1671463f171433b3ad5da9517228f6f,0,0,0,0,0,0,3,24,9,49,1,18,1,2,
D:\Dropbox\BGU-ISE-Ph.D\ICSML2016\ICSML2016 - Lec2\PDF samples\57fe325bb2896e8704f56d11fbf4f156f345d9254347f46a500a0b8ae1d96eec,0,0,0,0,0,0,3,40,25,81,1,53,1,2,
D:\Dropbox\BGU-ISE-Ph.D\ICSML2016\ICSML2016 - Lec2\PDF samples\5802ffe773b0c503bbe3696738c0be680c081fd1ff1f47d5f2843acc0af88135,0,0,0,0,0,0,3,17,3,36,1,6,1,2,
D:\Dropbox\BGU-ISE-Ph.D\ICSML2016\ICSML2016 - Lec2\PDF samples\583742d4041c894f0d23e4cb2b7493009db2db0be997957d00d7405b653ee5a1,0,0,0,0,0,0,3,12,1,25,1,2,1,2,
D:\Dropbox\BGU-ISE-Ph.D\ICSML2016\ICSML2016 - Lec2\PDF samples\58cef0021a2601093f820aa239a52452b804870ff1ccb1691c3b0ceab1aa4415,0,0,0,0,0,0,3,29,10,59,1,20,1,2,
D:\Dropbox\BGU-ISE-Ph.D\ICSML2016\ICSML2016 - Lec2\PDF samples\58fe7717b759fd94f0154465472cd09823f81e957f1be85e441359fe4ebc4c38,0,0,0,0,0,0,2,6,4,13,1,8,0,2,
D:\Dropbox\BGU-ISE-Ph.D\ICSML2016\ICSML2016 - Lec2\PDF samples\591b98fcda9544f159076870550ae34ddbb948a4a83ba3cc0a613f17faca908a,0,0,0,0,0,0,3,16,3,35,1,6,1,2,
D:\Dropbox\BGU-ISE-Ph.D\ICSML2016\ICSML2016 - Lec2\PDF samples\5940addb7eac3aa4a8c4f4ed6081b545de7c623f8d0beca7f3bde05cfddb689a,0,0,0,0,0,0,3,30,13,64,1,29,1,2,
D:\Dropbox\BGU-ISE-Ph.D\ICSML2016\ICSML2016 - Lec2\PDF samples\594abfbb17bb8bd8e4a4b4a3a9ab0d409695e7eb8d5dd48b6787032547ec2d14,0,0,0,0,0,0,3,26,7,58,1,14,1,2,
D:\Dropbox\BGU-ISE-Ph.D\ICSML2016\ICSML2016 - Lec2\PDF samples\59aafca558c09397624da106ed198dfe5165342afa30b13ae84110901c2845a1,0,0,0,0,0,0,3,26,7,58,1,14,1,2,
D:\Dropbox\BGU-ISE-Ph.D\ICSML2016\ICSML2016 - Lec2\PDF samples\5a33e3eac47f310db1c222c2034fe7bb1f784b255bda52c6e295ea8330015b56,0,0,0,0,0,0,3,13,1,27,1,2,1,2,
D:\Dropbox\BGU-ISE-Ph.D\ICSML2016\ICSML2016 - Lec2\PDF samples\5a39cb340c883a5875290b0b6674200cca25d2ca2c27b2b1ccd5a462b3321e0a,0,0,0,0,0,0,3,19,4,39,1,8,1,2,
D:\Dropbox\BGU-ISE-Ph.D\ICSML2016\ICSML2016 - Lec2\PDF samples\5a691004a83c295a809d6f7cb8bdef817a41882db0819b4a6bb924522e5121a4,0,0,0,0,0,0,3,13,2,28,1,4,1,2,
D:\Dropbox\BGU-ISE-Ph.D\ICSML2016\ICSML2016 - Lec2\PDF samples\5a8fa50c02e129882abb5e379156891ed82cc7bda86e77f77b1519a87d1e8511,0,0,0,0,0,0,3,28,9,57,1,18,1,2,
D:\Dropbox\BGU-ISE-Ph.D\ICSML2016\ICSML2016 - Lec2\PDF samples\5afe1ce9bef2b657ceb40ca7d5c9708b55a1267ec390ee4f60e5454944784234,0,0,0,0,0,0,3,40,13,82,1,26,1,2,
D:\Dropbox\BGU-ISE-Ph.D\ICSML2016\ICSML2016 - Lec2\PDF samples\5c59791b08a58f62ece09cc00cd4933eea87153d1fee6ce1ce52f5d4427a7cd8,0,0,0,0,0,0,3,37,18,78,1,36,1,2,
D:\Dropbox\BGU-ISE-Ph.D\ICSML2016\ICSML2016 - Lec2\PDF samples\5d6a518a075eda0ee0aae44cda907cbffcbefa50a1f23b23be96cc164c32bb5c,0,0,0,0,0,0,3,31,8,64,1,19,1,2,
D:\Dropbox\BGU-ISE-Ph.D\ICSML2016\ICSML2016 - Lec2\PDF samples\5dd6d09130fba63123c3130dceb4b084145b65b5eae23dc82632a9401ace5b8a,0,0,0,0,0,0,3,29,14,63,1,31,1,2,
D:\Dropbox\BGU-ISE-Ph.D\ICSML2016\ICSML2016 - Lec2\PDF samples\5e526b504d75ab3a271e3039601c82d0858ac4d484222cf168df01c79e461a35,0,0,0,1,0,0,3,9,4,20,2,8,2,4,
D:\Dropbox\BGU-ISE-Ph.D\ICSML2016\ICSML2016 - Lec2\PDF samples\5e7cd3b4c03732ce2d05d577268087b94184c590b00d0a1d8734c86927042f35,0,0,0,0,0,0,3,42,19,90,1,38,1,2,
D:\Dropbox\BGU-ISE-Ph.D\ICSML2016\ICSML2016 - Lec2\PDF samples\5ebb100a0f2ec8fb8f6eb8cf68300ab76a59a1f91e3bb2d072afb0ae5bc421dd,0,0,0,0,0,0,2,7,5,15,1,10,0,2,
D:\Dropbox\BGU-ISE-Ph.D\ICSML2016\ICSML2016 - Lec2\PDF samples\5f4f23c5d16176d582939b4bc783aae5d13c06452122f655cc4ea4a5460bf5be,0,0,0,0,0,0,3,40,25,81,1,53,1,2,
D:\Dropbox\BGU-ISE-Ph.D\ICSML2016\ICSML2016 - Lec2\PDF samples\5ffb3b637b79b7ec620362e0288d932707e232d2c29a749e6b65fd01bac5f7e3,0,0,0,0,0,1,3,15,4,30,1,8,1,2,
D:\Dropbox\BGU-ISE-Ph.D\ICSML2016\ICSML2016 - Lec2\PDF samples\60235dcebe6d94e68b8ee5435275d8d642c2a600cdb4b44b5160357dac3ee3bc,0,0,0,0,0,0,3,26,7,57,1,14,1,2,
D:\Dropbox\BGU-ISE-Ph.D\ICSML2016\ICSML2016 - Lec2\PDF samples\607527b7f2f71856d0ec599518c1d207cfdf9d2b52f7c644f8ab79de4a40adfd,0,0,0,0,0,0,2,7,5,15,1,10,0,2,
D:\Dropbox\BGU-ISE-Ph.D\ICSML2016\ICSML2016 - Lec2\PDF samples\624e69c4ec12bf16c9a5d1fd3f4cca1f767937d30f8ee858ed00095b399a867e,0,0,0,0,0,0,3,18,3,37,1,6,1,2,
D:\Dropbox\BGU-ISE-Ph.D\ICSML2016\ICSML2016 - Lec2\PDF samples\6265002cca0d4cdad8321566bda770da0bf1be66b033cc94c090e8f4be5604c8,0,0,0,0,0,0,3,26,7,53,1,14,1,2,
D:\Dropbox\BGU-ISE-Ph.D\ICSML2016\ICSML2016 - Lec2\PDF samples\62e92833336fa2d7135a0a5010e9d86ceca1255f6134417f71cdc50faca7ec2d,0,0,0,0,0,0,3,29,10,66,1,20,1,2,
D:\Dropbox\BGU-ISE-Ph.D\ICSML2016\ICSML2016 - Lec2\PDF samples\635f8f78454f4329c1f1b32a2c936dc875bc10a037d7f6104a290dca3729876c,0,0,0,0,0,0,2,7,5,15,1,10,0,2,
D:\Dropbox\BGU-ISE-Ph.D\ICSML2016\ICSML2016 - Lec2\PDF samples\63cc6e68ac85e945a6a0859346e2da6fd37857c0ea11e90ac231dd81ff0a8723,0,0,0,0,0,0,3,50,35,112,1,73,1,2,
D:\Dropbox\BGU-ISE-Ph.D\ICSML2016\ICSML2016 - Lec2\PDF samples\63d3f93478664da3f923e0ff302d2c1d90922f8ee5e4704cb3440774c2711d4f,0,0,0,0,0,0,3,24,9,50,1,21,1,2,
D:\Dropbox\BGU-ISE-Ph.D\ICSML2016\ICSML2016 - Lec2\PDF samples\65092143d233557d027751a42d3cc3912cf4eab4637abfa5a16ee5721e5e7498,0,0,0,0,0,0,4,16,3,32,2,6,2,4,
D:\Dropbox\BGU-ISE-Ph.D\ICSML2016\ICSML2016 - Lec2\PDF samples\659a6c3f01d30369c82e0c92a934fa03d96beede26a2e5596295614295024e84,0,0,0,0,0,0,3,23,4,48,1,8,1,2,
D:\Dropbox\BGU-ISE-Ph.D\ICSML2016\ICSML2016 - Lec2\PDF samples\661adbbd2a59dd955c935c22720d1b733ea1ef71badcdbf1f734355a5aa733cd,0,0,0,0,0,0,3,24,5,49,1,10,1,2,
D:\Dropbox\BGU-ISE-Ph.D\ICSML2016\ICSML2016 - Lec2\PDF samples\663cbaa3314efb7dfeb4aa102d642aa90fb2e8279d21256afbff0ae71a192c2e,0,0,0,0,0,0,3,22,3,47,1,6,1,2,
D:\Dropbox\BGU-ISE-Ph.D\ICSML2016\ICSML2016 - Lec2\PDF samples\666b2ed860fb701649d4f8543c42221294e3b4178901752e08938e116b927680,0,0,0,0,0,0,2,6,4,13,1,8,0,2,
D:\Dropbox\BGU-ISE-Ph.D\ICSML2016\ICSML2016 - Lec2\PDF samples\673f39df8052fd3c12c81c5a834d373e45932a412f8087c3846f112aaf84a6ad,0,0,0,0,0,0,3,8,1,16,1,2,1,2,
D:\Dropbox\BGU-ISE-Ph.D\ICSML2016\ICSML2016 - Lec2\PDF samples\69b731c8534ca1a2c6101938db5fc671232d570d9c4897a7ddf1a1a5ae1afbff,0,0,0,0,0,0,3,24,5,49,1,10,1,2,
D:\Dropbox\BGU-ISE-Ph.D\ICSML2016\ICSML2016 - Lec2\PDF samples\6b4c9b8a68aba34ddf16d7a6b7218c7d362165cc299598feb53c42f862172ac2,0,0,0,0,0,0,3,33,10,75,1,20,1,2,
D:\Dropbox\BGU-ISE-Ph.D\ICSML2016\ICSML2016 - Lec2\PDF samples\6be3f84714e73963c7f41ffd0f11d22530f4560e11fd6bdb00df90ab3489f49a,0,0,0,0,0,1,5,28,6,56,1,12,1,2,
D:\Dropbox\BGU-ISE-Ph.D\ICSML2016\ICSML2016 - Lec2\PDF samples\6d79c21514531581370a674cbd0964bf2365477fae17ff035542c046f96cb410,0,0,0,0,0,0,3,34,11,74,1,22,1,2,
D:\Dropbox\BGU-ISE-Ph.D\ICSML2016\ICSML2016 - Lec2\PDF samples\6da10a78318e87ce00d81bc0ab7cc66a7d401d816b1d7336e2d3e261301b1752,0,0,0,0,0,0,3,31,20,81,1,40,1,2,
D:\Dropbox\BGU-ISE-Ph.D\ICSML2016\ICSML2016 - Lec2\PDF samples\6da50c871e48154f18417f9713cc5cfc0c8e2a3a0a5908dd3a21d5aa5fc39965,0,0,0,0,0,0,3,25,6,56,1,12,1,2,
D:\Dropbox\BGU-ISE-Ph.D\ICSML2016\ICSML2016 - Lec2\PDF samples\6dffa2e12a17323414309418beb87bbc825cb06bb18d986f457ce5853f73b9da,0,0,0,0,0,0,3,29,10,68,1,20,1,2,
D:\Dropbox\BGU-ISE-Ph.D\ICSML2016\ICSML2016 - Lec2\PDF samples\6fa7154056f5735a466906102ca616f5fb0c96ec1bb4b58db294816565665192,0,0,0,0,0,0,2,6,4,13,1,8,0,2,
D:\Dropbox\BGU-ISE-Ph.D\ICSML2016\ICSML2016 - Lec2\PDF samples\714120393be4c3a6167209acb5403bad68c5e64f87682a4f8cc2e1ce94ddd325,0,0,0,0,0,1,3,19,4,38,1,8,1,2,
D:\Dropbox\BGU-ISE-Ph.D\ICSML2016\ICSML2016 - Lec2\PDF samples\728ef79f700472ee30a043fc11c243f480e061c717190b875faf06e53d6ba044,0,0,0,0,0,0,3,33,14,67,1,31,1,2,
D:\Dropbox\BGU-ISE-Ph.D\ICSML2016\ICSML2016 - Lec2\PDF samples\733527727d7c4354618df11860884be535847afb615817f22964606cee14f909,0,0,0,0,0,0,3,14,3,31,1,6,1,2,
D:\Dropbox\BGU-ISE-Ph.D\ICSML2016\ICSML2016 - Lec2\PDF samples\74574c269ddfd216c7097f01dcda493b80e7b512cd8e4ba2c1e03fd702ffa6d1,0,0,0,0,0,0,3,21,6,44,1,15,1,2,
D:\Dropbox\BGU-ISE-Ph.D\ICSML2016\ICSML2016 - Lec2\PDF samples\74feae2543c2c8b09a24dc3a7161c15cec397fe1610ffe6ce49683c1a866efb2,0,0,0,0,0,0,3,31,16,63,1,35,1,2,
D:\Dropbox\BGU-ISE-Ph.D\ICSML2016\ICSML2016 - Lec2\PDF samples\7529c704325924dc83ba964804e37c515f85081eeea51109e460efd2bd01a232,0,0,0,0,0,0,3,23,8,47,1,19,1,2,
D:\Dropbox\BGU-ISE-Ph.D\ICSML2016\ICSML2016 - Lec2\PDF samples\753b3837b497e278ff1d4c93cecea948d84025b58dd8f29685588dc2238383ba,0,0,0,0,0,0,2,7,5,15,1,10,0,2,
D:\Dropbox\BGU-ISE-Ph.D\ICSML2016\ICSML2016 - Lec2\PDF samples\75a3c69434e023baad2c30ec921fd29a2799c508667d00a3090ac077c9548a8c,0,0,0,0,0,0,3,36,21,74,1,45,1,2,
D:\Dropbox\BGU-ISE-Ph.D\ICSML2016\ICSML2016 - Lec2\PDF samples\75a789b4c9c22b7fb8d436571472ec791e94ce9236374ac9c2615010441aa4c9,0,0,0,0,0,0,3,25,10,51,1,23,1,2,
D:\Dropbox\BGU-ISE-Ph.D\ICSML2016\ICSML2016 - Lec2\PDF samples\760ed5597046bd5246a616f7cb8fd222f5a5fcc72378108abcc28c89114378f5,0,0,0,0,0,0,3,54,39,138,1,81,1,2,
D:\Dropbox\BGU-ISE-Ph.D\ICSML2016\ICSML2016 - Lec2\PDF samples\764b9c0154b121083c8747954d6d9ab786c0446174091965daf5434963a48a70,0,0,0,0,0,0,3,23,8,47,1,16,1,2,
D:\Dropbox\BGU-ISE-Ph.D\ICSML2016\ICSML2016 - Lec2\PDF samples\7652f5975df2eb3ab191ea492c0cde3abcfc98e4e5158af1897a69364abcc0b8,0,0,0,0,0,0,3,26,7,56,1,14,1,2,
D:\Dropbox\BGU-ISE-Ph.D\ICSML2016\ICSML2016 - Lec2\PDF samples\7758cd672c7f9b3f23739412a80fc6dbc03a1ea98df4d80393aab7315dba4120,0,0,0,0,0,0,3,28,13,60,1,29,1,2,
D:\Dropbox\BGU-ISE-Ph.D\ICSML2016\ICSML2016 - Lec2\PDF samples\7769c4bf1dc2dc81575341b773d138b457da842159d4fc609dac0c029ac759aa,0,0,0,0,0,0,3,13,2,28,1,4,1,2,
D:\Dropbox\BGU-ISE-Ph.D\ICSML2016\ICSML2016 - Lec2\PDF samples\77ef531148124a13aea578b00af9c058a4e588fb27886d01c366a18ee3d659bc,0,0,0,0,0,0,3,23,4,50,1,8,1,2,
D:\Dropbox\BGU-ISE-Ph.D\ICSML2016\ICSML2016 - Lec2\PDF samples\7871f75a1e5127310645f328dd9769fd9faa6480b1d1f33911225ed3ec4cba50,0,0,0,0,0,0,3,33,14,75,1,28,1,2,
D:\Dropbox\BGU-ISE-Ph.D\ICSML2016\ICSML2016 - Lec2\PDF samples\7a4c294077f1d0c1325a71197796194acfc688287593c4b2d5fed5b8cba13e39,0,0,0,0,0,0,3,22,7,46,1,17,1,2,
D:\Dropbox\BGU-ISE-Ph.D\ICSML2016\ICSML2016 - Lec2\PDF samples\7b4945a4508c9ca0253c2db77f7e15b1b122fade19c1eb5fd535c2c60f9b1aed,0,0,0,0,0,0,3,21,6,44,1,15,1,2,
D:\Dropbox\BGU-ISE-Ph.D\ICSML2016\ICSML2016 - Lec2\PDF samples\7c1d14c53b072551970862026bc6c4c8c9cdd497e657cf68ff3834a87dea02c4,0,0,0,0,0,0,3,13,2,28,1,4,1,2,
D:\Dropbox\BGU-ISE-Ph.D\ICSML2016\ICSML2016 - Lec2\PDF samples\7cb8e1ba86ab0f72999c74711582b2ecfb3191d2d870f62ee3802b1455683440,0,0,0,0,0,0,3,27,12,66,1,24,1,2,
D:\Dropbox\BGU-ISE-Ph.D\ICSML2016\ICSML2016 - Lec2\PDF samples\7dc72bea8ee9dd9802ebce94b306697c10151c41a51efd4246c92052007f3b46,0,0,0,0,2,1,6,13,3,26,1,6,1,2,
D:\Dropbox\BGU-ISE-Ph.D\ICSML2016\ICSML2016 - Lec2\PDF samples\7ddf8ee52e420b205107adfe7d6ce876e42885e9b6337b76b78dd7185d3069dd,0,0,0,1,0,0,3,9,4,20,2,8,2,4,
D:\Dropbox\BGU-ISE-Ph.D\ICSML2016\ICSML2016 - Lec2\PDF samples\7e96dbecf9a84726d92c61b541c86866366794573fa1c6f0e127408c9d69f1d1,0,0,0,0,0,0,3,28,13,58,1,29,1,2,
D:\Dropbox\BGU-ISE-Ph.D\ICSML2016\ICSML2016 - Lec2\PDF samples\7f5f3f35e4a409428fe6f41e3da1a37e7d8f829252f7311770fe99e15a76ddd7,0,0,0,0,0,0,3,23,4,50,1,8,1,2,
D:\Dropbox\BGU-ISE-Ph.D\ICSML2016\ICSML2016 - Lec2\PDF samples\7f984af8f04b62d0dbafb55fdc9906291b812a4ded9c5ec59fdd679f3a28dba2,0,0,0,0,0,0,3,12,2,24,1,4,1,2,
D:\Dropbox\BGU-ISE-Ph.D\ICSML2016\ICSML2016 - Lec2\PDF samples\7fd677dab30915b1092a6f7c48b6c70288a4ce00605d6f2857d48afae47d88b6,0,0,0,0,0,0,3,18,3,39,1,6,1,2,
D:\Dropbox\BGU-ISE-Ph.D\ICSML2016\ICSML2016 - Lec2\PDF samples\80833efae82b57431f4615578db86637285aa891ef8e2b8faaa180eb81d69a43,0,0,0,0,0,0,3,30,7,61,1,14,1,2,
D:\Dropbox\BGU-ISE-Ph.D\ICSML2016\ICSML2016 - Lec2\PDF samples\80b82d25d62c12fba002d4a9bd0aa0cbb493e4822f6ced6251a612bebbd89f55,0,0,0,0,0,0,3,19,4,39,1,8,1,2,
D:\Dropbox\BGU-ISE-Ph.D\ICSML2016\ICSML2016 - Lec2\PDF samples\80cf2be0f1be72d6f82eadaedbe13d18dc6a5f68d1d2c031002eb01bddd1f4de,0,0,0,0,0,0,3,27,8,55,1,16,1,2,
D:\Dropbox\BGU-ISE-Ph.D\ICSML2016\ICSML2016 - Lec2\PDF samples\812997dd7f2a35c9779aed291b07262353bd79b5d17310533c3624421c3a454e,0,0,0,0,0,0,2,6,4,13,1,8,0,2,
D:\Dropbox\BGU-ISE-Ph.D\ICSML2016\ICSML2016 - Lec2\PDF samples\823dbfcb5ee3d4d6481dc9e095ac6619c0af1d202395b2b988b062e32573303a,0,0,0,0,0,0,3,28,13,58,1,29,1,2,
D:\Dropbox\BGU-ISE-Ph.D\ICSML2016\ICSML2016 - Lec2\PDF samples\841f90fe68979e62a2655157433f0f4c4b0e1cd5b67a39e2d993200d66f6dd79,0,0,0,0,0,1,4,38,10,76,1,20,1,2,
D:\Dropbox\BGU-ISE-Ph.D\ICSML2016\ICSML2016 - Lec2\PDF samples\852dc2aa6090ef47421fb3ea51f65c1fad2dd1d8dd7a467606d437b5ea982423,0,0,0,0,0,0,3,27,8,58,1,16,1,2,
D:\Dropbox\BGU-ISE-Ph.D\ICSML2016\ICSML2016 - Lec2\PDF samples\85c7acd32f664c54b38cfa8d2362c0f644522f49d29794363256231f826e7b0b,0,0,0,0,0,0,3,40,25,85,1,53,1,2,
D:\Dropbox\BGU-ISE-Ph.D\ICSML2016\ICSML2016 - Lec2\PDF samples\87245aeeb86f048467c95f96e89980f50eeeb755e191e3e5d2925d21180c3611,0,0,0,0,0,0,3,12,1,25,1,2,1,2,
D:\Dropbox\BGU-ISE-Ph.D\ICSML2016\ICSML2016 - Lec2\PDF samples\87dbd9a885547fc9cbb0d5bfe5499ef35dc5e7a8d8c366896d90a175a4746101,0,0,0,0,0,0,3,28,9,59,1,18,1,2,
D:\Dropbox\BGU-ISE-Ph.D\ICSML2016\ICSML2016 - Lec2\PDF samples\87fa9d2d968fe27146a54e78f94614039ce7b19360a9ea36f4ab3eaa584ba8a1,0,0,0,0,0,0,3,31,8,68,1,16,1,2,
D:\Dropbox\BGU-ISE-Ph.D\ICSML2016\ICSML2016 - Lec2\PDF samples\88f5cd4cb4f60d8eab703f93daca9e39206e7a9a0cc987dce7f784b0679a9773,0,0,0,0,0,0,3,14,2,30,1,4,1,2,
D:\Dropbox\BGU-ISE-Ph.D\ICSML2016\ICSML2016 - Lec2\PDF samples\891402a859547f972d99b26ab72436daf69e202795cf7e7321ce76fc1129b3ca,0,0,0,0,0,0,3,26,7,54,1,14,1,2,
D:\Dropbox\BGU-ISE-Ph.D\ICSML2016\ICSML2016 - Lec2\PDF samples\89d775e87ec522a376c04ac9b2e62bf16f96786b69450e7d9310edef4293f9ef,0,0,0,0,0,0,3,35,8,78,1,16,1,2,
D:\Dropbox\BGU-ISE-Ph.D\ICSML2016\ICSML2016 - Lec2\PDF samples\8b1230df527e82890ee17c626613c80f3f807eb4917543b8298e436e1a030d28,0,0,0,0,0,0,3,29,6,59,1,12,1,2,
D:\Dropbox\BGU-ISE-Ph.D\ICSML2016\ICSML2016 - Lec2\PDF samples\8b649a24324774a91127424258721b9a24412e740bf63b3ae8d4ffa66959b767,0,0,0,0,0,0,3,31,8,63,1,16,1,2,
D:\Dropbox\BGU-ISE-Ph.D\ICSML2016\ICSML2016 - Lec2\PDF samples\8bc7d5836c8400016126636c90b05e0e8d1871b87b358adaf35bed904c4d58cb,0,0,0,0,0,0,3,24,5,49,1,10,1,2,
D:\Dropbox\BGU-ISE-Ph.D\ICSML2016\ICSML2016 - Lec2\PDF samples\8beb66a9128f43edbcd3044842c59290912823ed219affd16f4f26f184f760d2,0,0,0,0,0,0,3,23,4,47,1,8,1,2,
D:\Dropbox\BGU-ISE-Ph.D\ICSML2016\ICSML2016 - Lec2\PDF samples\8c87543d2dedf258a9c6aa57edc646a4d608a296ade5cce17769667cc8c2864a,0,0,0,0,0,0,3,35,8,71,1,16,1,2,
D:\Dropbox\BGU-ISE-Ph.D\ICSML2016\ICSML2016 - Lec2\PDF samples\8dbe823492b4eeafee643d81aec526da9abf47b4d721f20ec40d6a31eb9f57c4,0,0,0,0,0,0,3,42,15,87,1,30,1,2,
D:\Dropbox\BGU-ISE-Ph.D\ICSML2016\ICSML2016 - Lec2\PDF samples\8e9eec5493322a7977b52d5028700e05fa640d30887032014671154011841f1e,0,0,0,0,0,0,3,33,6,69,1,12,1,2,
D:\Dropbox\BGU-ISE-Ph.D\ICSML2016\ICSML2016 - Lec2\PDF samples\8eef43bf625e77d2cf3a836cd4ea9c73d732a179ac4a2464df296371f8ec0902,0,0,0,0,0,0,3,19,4,41,1,8,1,2,
D:\Dropbox\BGU-ISE-Ph.D\ICSML2016\ICSML2016 - Lec2\PDF samples\8f5206c08f039e1b4cad329dc09628e1b360acb5397ffcec11a10c505717dd26,0,0,0,0,0,0,3,23,4,47,1,8,1,2,
D:\Dropbox\BGU-ISE-Ph.D\ICSML2016\ICSML2016 - Lec2\PDF samples\8f9bd471fc0e63892bd414c115cc0ef4285cc74891d9299ddb241b932a5d6fbf,0,0,0,0,0,0,3,22,7,45,1,17,1,2,
D:\Dropbox\BGU-ISE-Ph.D\ICSML2016\ICSML2016 - Lec2\PDF samples\8faedf39553abd45980879ac8371b703fcc107019b85f2d134e691ca5e6c5b6c,0,0,0,0,0,0,3,22,3,45,1,6,1,2,
D:\Dropbox\BGU-ISE-Ph.D\ICSML2016\ICSML2016 - Lec2\PDF samples\8fc20a062cb42e78f4bbe070cb4c54acddb582cf641ce8db8eb5b84eb8950fa4,0,0,0,0,0,0,3,31,8,67,1,16,1,2,
D:\Dropbox\BGU-ISE-Ph.D\ICSML2016\ICSML2016 - Lec2\PDF samples\90744b9f431814b20f3cb49f7d32a6978fe63ce7a06bebf05564151a126d603b,0,0,0,0,0,0,3,12,1,25,1,2,1,2,
D:\Dropbox\BGU-ISE-Ph.D\ICSML2016\ICSML2016 - Lec2\PDF samples\90eab42bef91d6fa467b3137a7959f0e3780f0a71fdefbf69c885f145851b5fc,0,0,0,0,0,0,3,12,1,25,1,2,1,2,
D:\Dropbox\BGU-ISE-Ph.D\ICSML2016\ICSML2016 - Lec2\PDF samples\91f3c56e3a1fc4a9886bb2b5724397952b9e8741e3fbad2df00c2338c15168f6,0,0,0,0,0,0,3,22,3,45,1,6,1,2,
D:\Dropbox\BGU-ISE-Ph.D\ICSML2016\ICSML2016 - Lec2\PDF samples\932271c0cd32a0605b22da66dbf12046621f87545af9b8d83a9efd78e2516b5f,0,0,0,0,0,0,3,36,25,97,1,50,1,2,
D:\Dropbox\BGU-ISE-Ph.D\ICSML2016\ICSML2016 - Lec2\PDF samples\9365c32b1e65a4938fea0a5906b44365d270d83d5cf13533f5c6a2bff6577a5c,0,0,0,0,0,0,3,26,7,55,1,14,1,2,
D:\Dropbox\BGU-ISE-Ph.D\ICSML2016\ICSML2016 - Lec2\PDF samples\939a8122458ac178eb27fd682d2cc6f449b16f6480d15799c32117452792e097,0,0,0,0,0,0,3,31,8,64,1,16,1,2,
D:\Dropbox\BGU-ISE-Ph.D\ICSML2016\ICSML2016 - Lec2\PDF samples\941307c24782c9aed4749dd641a1a5bde7afb30713441b6cd17f62dae857e78d,0,0,0,0,0,0,3,22,3,47,1,6,1,2,
D:\Dropbox\BGU-ISE-Ph.D\ICSML2016\ICSML2016 - Lec2\PDF samples\946fd49ee0d4cf555328ab363405363de1c4c3663aa35e323e4314ad22f1fadd,0,0,0,0,0,0,3,31,16,63,1,35,1,2,
D:\Dropbox\BGU-ISE-Ph.D\ICSML2016\ICSML2016 - Lec2\PDF samples\95fff2856248538499082d35cd5c97c28898517f5558af82bb30b4299ed7ba16,0,0,0,0,0,0,3,27,4,55,1,8,1,2,
D:\Dropbox\BGU-ISE-Ph.D\ICSML2016\ICSML2016 - Lec2\PDF samples\967e97c934b9067940f14ccafff1209dc686e81184946a25bfe55ea5d0354114,0,0,0,0,0,0,3,22,3,45,1,6,1,2,
D:\Dropbox\BGU-ISE-Ph.D\ICSML2016\ICSML2016 - Lec2\PDF samples\974f816e23beeef08fc11a7eb14c676fc6fbc58e54b3bdf5cda47e16a227f6c1,0,0,0,0,0,0,3,28,9,57,1,18,1,2,
D:\Dropbox\BGU-ISE-Ph.D\ICSML2016\ICSML2016 - Lec2\PDF samples\97daf22dd8a84696472ff3d35b49031a0d9f9bd601625c16697680bcdde6a97d,0,0,0,0,0,0,2,14,11,32,2,22,0,4,
D:\Dropbox\BGU-ISE-Ph.D\ICSML2016\ICSML2016 - Lec2\PDF samples\98b804cefe1a1f0f2d4d5185c331629c935650b8d7ae3fca7169185c4062bad4,0,0,0,0,0,0,3,24,9,55,1,18,1,2,
D:\Dropbox\BGU-ISE-Ph.D\ICSML2016\ICSML2016 - Lec2\PDF samples\992d1977be20b0ade19538fcfe7d90585b4055e0ad5561d892eda41c6f87e8fc,0,0,0,0,0,0,3,20,5,45,1,10,1,2,
D:\Dropbox\BGU-ISE-Ph.D\ICSML2016\ICSML2016 - Lec2\PDF samples\993f89200a398c6133714e2178687ef0142f8718701934676f2ce7c8b81620ee,0,0,0,0,0,0,4,33,29,73,2,58,0,4,
D:\Dropbox\BGU-ISE-Ph.D\ICSML2016\ICSML2016 - Lec2\PDF samples\9a86186f93468cf4aefcc32c80399eb378dece085abbee1cb34311228fe98829,0,0,0,0,0,0,3,23,4,47,1,8,1,2,
D:\Dropbox\BGU-ISE-Ph.D\ICSML2016\ICSML2016 - Lec2\PDF samples\9af74f731e119f5bd4bcd9b43b3261c1392cb66207af33b7602ba1c35e208ea6,0,0,0,0,0,0,3,27,4,55,1,8,1,2,
D:\Dropbox\BGU-ISE-Ph.D\ICSML2016\ICSML2016 - Lec2\PDF samples\9c6556e47692809ed14a99ace6380c76a4b030b3b38e5d11e4717c165287f62d,0,0,0,0,0,0,3,44,29,97,1,61,1,2,
D:\Dropbox\BGU-ISE-Ph.D\ICSML2016\ICSML2016 - Lec2\PDF samples\9c7c1d23696b6c47e25440a32c849248ae9455a295c90fe8367e781026a32d8e,0,0,0,1,0,0,3,9,4,20,2,8,2,4,
D:\Dropbox\BGU-ISE-Ph.D\ICSML2016\ICSML2016 - Lec2\PDF samples\9cc2c7a8cfbb5235f59885a327d65d62c92cdfc7ad41c117e2255110727a27a0,0,0,0,0,0,0,3,12,1,25,1,2,1,2,
D:\Dropbox\BGU-ISE-Ph.D\ICSML2016\ICSML2016 - Lec2\PDF samples\9d331935a757a7a6d3ad703d70281082d2fc96039e682087230551e5ab30bb9d,0,0,0,0,0,0,3,31,8,69,1,16,1,2,
D:\Dropbox\BGU-ISE-Ph.D\ICSML2016\ICSML2016 - Lec2\PDF samples\9e024687b05f625c8bcce1a76e087b1fb7e5e04edf1d87b1a0ac56dc8ee4064c,0,0,0,0,0,0,3,13,2,28,1,4,1,2,
D:\Dropbox\BGU-ISE-Ph.D\ICSML2016\ICSML2016 - Lec2\PDF samples\9f14066a1f10a24034f407c0b8cda955394592a9fd973781a6667e31f6c90c01,0,0,0,0,0,0,2,6,4,13,1,8,0,2,
D:\Dropbox\BGU-ISE-Ph.D\ICSML2016\ICSML2016 - Lec2\PDF samples\9fbc7820efb9018c3e4e4f2b7a9f931438170780768da5a9b9bc99bd6414aa1d,0,0,0,0,0,0,3,13,2,28,1,4,1,2,
D:\Dropbox\BGU-ISE-Ph.D\ICSML2016\ICSML2016 - Lec2\PDF samples\a1a58b80a5bdf759db73d331edbf8e4364437eace7cc6309edbe9ee007d38d1c,0,0,0,0,0,0,3,51,36,113,1,75,1,2,
D:\Dropbox\BGU-ISE-Ph.D\ICSML2016\ICSML2016 - Lec2\PDF samples\a2a31711a7b20f4239a8cc684bfa142781dd7f0d348693ba5a149a2cc8794691,0,0,0,0,0,0,3,22,3,46,1,6,1,2,
D:\Dropbox\BGU-ISE-Ph.D\ICSML2016\ICSML2016 - Lec2\PDF samples\a2a92b03a4938b80644177209864ae4f67bd4c7834c96debcfff26a9d59a9ddf,0,0,0,0,0,0,2,7,5,15,1,10,0,2,
D:\Dropbox\BGU-ISE-Ph.D\ICSML2016\ICSML2016 - Lec2\PDF samples\a3cf90fa9117334a511835d4c8bfcbf98259c1e01581956540b1f3bd211a75a5,0,0,0,0,0,0,3,33,14,80,1,28,1,2,
D:\Dropbox\BGU-ISE-Ph.D\ICSML2016\ICSML2016 - Lec2\PDF samples\a430acaca2a845cacf6359406050e1c4f598aa73285be9da32e75ea62753e544,0,0,0,0,0,0,3,22,7,45,1,17,1,2,
D:\Dropbox\BGU-ISE-Ph.D\ICSML2016\ICSML2016 - Lec2\PDF samples\a46e27e2b8317d537d45b61f525284f2fdb68fd45ff3bc53e756cae33aa70a45,0,0,0,0,0,0,3,21,6,44,1,15,1,2,
D:\Dropbox\BGU-ISE-Ph.D\ICSML2016\ICSML2016 - Lec2\PDF samples\a4cb2fb7cf90dba956621a529c3ebfc4f14fb346af2aa5efc24291f7f6cd1b6c,0,0,0,0,0,0,3,29,10,61,1,20,1,2,
D:\Dropbox\BGU-ISE-Ph.D\ICSML2016\ICSML2016 - Lec2\PDF samples\a64ee1b2214fd429f4ad7fcac201f1e20f4e86f558aa86d04c9d1a87960b9f17,0,0,0,0,0,0,3,46,31,93,1,65,1,2,
D:\Dropbox\BGU-ISE-Ph.D\ICSML2016\ICSML2016 - Lec2\PDF samples\a6bc5f445c76a8b28830ca475ff508e3252fdcb30fe784eae8e815467fab2bc7,0,0,0,0,0,0,3,12,1,25,1,2,1,2,
D:\Dropbox\BGU-ISE-Ph.D\ICSML2016\ICSML2016 - Lec2\PDF samples\a757f89a0ae40cb351268957d5e8dad982b4a1bde79db2f9cbbc5ec09eb018fd,0,0,0,0,0,0,3,26,7,53,1,14,1,2,
D:\Dropbox\BGU-ISE-Ph.D\ICSML2016\ICSML2016 - Lec2\PDF samples\a7c8960a44995f7fa36555b36a01c9f6455b3b6ba212566d2754d65b5859f4a0,0,0,0,0,0,0,3,26,7,53,1,14,1,2,
D:\Dropbox\BGU-ISE-Ph.D\ICSML2016\ICSML2016 - Lec2\PDF samples\a84ea8e5439ec782fb93c68a45e3ab94cbb2b78e30407dc437d1226845ecac9c,0,0,0,0,0,0,3,31,8,63,1,19,1,2,
D:\Dropbox\BGU-ISE-Ph.D\ICSML2016\ICSML2016 - Lec2\PDF samples\a899124a77166f13a176ca5330022b75bbf27e1cf217826a0a810ba5b308542d,0,0,0,0,0,0,3,36,13,75,1,26,1,2,
D:\Dropbox\BGU-ISE-Ph.D\ICSML2016\ICSML2016 - Lec2\PDF samples\ab134bcbef39e0860d3e91e2116aeebf94eddc93bd68f9cd58c75b376a458fc9,0,0,0,0,0,0,3,29,10,60,1,20,1,2,
D:\Dropbox\BGU-ISE-Ph.D\ICSML2016\ICSML2016 - Lec2\PDF samples\ad5ff8ebe284351947bee7dc91e73046836b2fe238ce2e05c0bc9bf6973b9cb3,0,0,0,0,0,0,3,31,16,63,1,35,1,2,
D:\Dropbox\BGU-ISE-Ph.D\ICSML2016\ICSML2016 - Lec2\PDF samples\addb2a359f0f7edbd019f28a13cbc72d45a4693fbf8b27fabcd382d2988f7d79,0,0,0,0,0,0,3,45,30,99,1,63,1,2,
D:\Dropbox\BGU-ISE-Ph.D\ICSML2016\ICSML2016 - Lec2\PDF samples\ae14a23aaba5632181820b9a2dc21021cc97d2c3caad7f56f87bfdb74c6165b4,0,0,0,0,0,0,4,79,26,161,2,52,2,4,
D:\Dropbox\BGU-ISE-Ph.D\ICSML2016\ICSML2016 - Lec2\PDF samples\ae1e56331820422e6344e5939e602bd7d9f253ddf8efeeaed983dbb42733e338,0,0,0,0,0,0,3,20,5,45,1,10,1,2,
D:\Dropbox\BGU-ISE-Ph.D\ICSML2016\ICSML2016 - Lec2\PDF samples\aeef8364937780756564cb0491030d9462850c206c961b9fd370c5d9efecaf3a,0,0,0,0,0,0,3,13,2,28,1,4,1,2,
D:\Dropbox\BGU-ISE-Ph.D\ICSML2016\ICSML2016 - Lec2\PDF samples\af17298c923b6c57f70db40a5b7dc02b1f46727b0e62c2c4d013b8e53b6a7d3d,0,0,0,0,0,0,3,33,18,67,1,39,1,2,
D:\Dropbox\BGU-ISE-Ph.D\ICSML2016\ICSML2016 - Lec2\PDF samples\b02b918a34ee6db1b361e93ff0dbabdd9baf97a81ee0ae0c20e9be8fdcce4c35,0,0,0,0,0,0,3,12,1,25,1,2,1,2,
D:\Dropbox\BGU-ISE-Ph.D\ICSML2016\ICSML2016 - Lec2\PDF samples\b0d5fca2b98ee007ad284a84e8d0b904a4a40a6946c0ad4b2a765c1e5d6de5fa,0,0,0,0,0,0,3,45,30,100,1,63,1,2,
D:\Dropbox\BGU-ISE-Ph.D\ICSML2016\ICSML2016 - Lec2\PDF samples\b0de0689dce2f99d24c633806265a2fc64d872d3ddf47e6cd256a026313aab87,0,0,0,0,0,0,3,33,18,67,1,39,1,2,
D:\Dropbox\BGU-ISE-Ph.D\ICSML2016\ICSML2016 - Lec2\PDF samples\b19de54f26799fc925408d939dd74fb8bf80c89cf3c7f5f19b8c897d566faccb,0,0,0,0,0,0,3,23,4,50,1,8,1,2,
D:\Dropbox\BGU-ISE-Ph.D\ICSML2016\ICSML2016 - Lec2\PDF samples\b257953296037892f95f1099b1c10b141e2e4e342f48b95111e9cbb084f9351f,0,0,0,0,0,0,2,7,5,15,1,10,0,2,
D:\Dropbox\BGU-ISE-Ph.D\ICSML2016\ICSML2016 - Lec2\PDF samples\b335f080b135f228375ab905d418d6020085bc9fef1c2e3e0ae5ab5d536ef74b,0,0,0,0,0,0,2,6,4,13,1,8,0,2,
D:\Dropbox\BGU-ISE-Ph.D\ICSML2016\ICSML2016 - Lec2\PDF samples\b3822fae331507055b2b4a8a60ea4eab77681449485315dff09b31ad895bcab7,0,0,0,0,0,0,3,20,5,45,1,10,1,2,
D:\Dropbox\BGU-ISE-Ph.D\ICSML2016\ICSML2016 - Lec2\PDF samples\b529667bb8806beaf5d26e884bb565476b8029392c10a39c2d3877fbfdfdeacb,0,0,0,0,0,0,3,32,13,66,1,26,1,2,
D:\Dropbox\BGU-ISE-Ph.D\ICSML2016\ICSML2016 - Lec2\PDF samples\b5ca881cd90e701f69adcee140d5dee1990b4c5efd8d814e9e0760ba07afd268,0,0,0,0,0,0,3,50,35,110,1,73,1,2,
D:\Dropbox\BGU-ISE-Ph.D\ICSML2016\ICSML2016 - Lec2\PDF samples\b6e18b2fe8e57c1092438ef820ff025b74a6e7027459833d3e92acb55dd2eb84,0,0,0,0,0,0,3,21,6,44,1,15,1,2,
D:\Dropbox\BGU-ISE-Ph.D\ICSML2016\ICSML2016 - Lec2\PDF samples\b82a5ee83dc5b864767c2a6315d71cf0552d82bbc492333a2562e4f452dc81c4,0,0,0,0,0,0,3,23,4,50,1,8,1,2,
D:\Dropbox\BGU-ISE-Ph.D\ICSML2016\ICSML2016 - Lec2\PDF samples\b8307e745593e7c595b6d3234c16cdd40a4462f942e52eca92aa7a82a453a592,0,0,0,0,0,0,3,41,14,88,1,28,1,2,
D:\Dropbox\BGU-ISE-Ph.D\ICSML2016\ICSML2016 - Lec2\PDF samples\b8a4db6641e63ee033727a12fa7ab1302d78051f1d383ad35332e066a706b637,0,0,0,0,0,0,3,22,7,45,1,17,1,2,
D:\Dropbox\BGU-ISE-Ph.D\ICSML2016\ICSML2016 - Lec2\PDF samples\b8d4c915d1fb71bb11150c227d20e9af84315652a6502b1f329be2626a1fc34b,0,0,0,0,0,0,3,12,1,25,1,2,1,2,
D:\Dropbox\BGU-ISE-Ph.D\ICSML2016\ICSML2016 - Lec2\PDF samples\b9a2aa04103467fc43a07996e5fc7cd0a82391759a966307dc1e52fe76180cc3,0,0,0,0,0,0,3,22,7,45,1,17,1,2,
D:\Dropbox\BGU-ISE-Ph.D\ICSML2016\ICSML2016 - Lec2\PDF samples\b9e6913702de0fabb01cb2c9dec43106e7dcb5d988ce324ea2599357e5efbbd2,0,0,0,0,0,0,3,13,2,28,1,4,1,2,
D:\Dropbox\BGU-ISE-Ph.D\ICSML2016\ICSML2016 - Lec2\PDF samples\ba3db82aa5f1f9b78e94d162e0b63286a6973e473148ab3b9cdb20ceed3be397,0,0,0,0,0,0,3,23,4,50,1,8,1,2,
D:\Dropbox\BGU-ISE-Ph.D\ICSML2016\ICSML2016 - Lec2\PDF samples\bbaa1f6041dbe7611b1335c3c7b4f36be8e5a47622daf50f172225ad7803597e,0,0,0,0,0,0,2,7,5,15,1,10,0,2,
D:\Dropbox\BGU-ISE-Ph.D\ICSML2016\ICSML2016 - Lec2\PDF samples\bbfca69fdee23574828849d4d9f702125ec5c827763e856485e58a96d190bcea,0,0,0,0,0,0,3,34,11,70,1,22,1,2,
D:\Dropbox\BGU-ISE-Ph.D\ICSML2016\ICSML2016 - Lec2\PDF samples\bdf1a47a2a8406f6b1b33d581e619c0e9db06fced0eda22ffa265b709f83cfae,0,0,0,0,0,0,3,31,16,63,1,35,1,2,
D:\Dropbox\BGU-ISE-Ph.D\ICSML2016\ICSML2016 - Lec2\PDF samples\be5c647e1cc37d56b491464a7c12cb06248f60bcf85ec8239e30f5c6968b0320,0,0,0,0,0,0,3,25,6,54,1,12,1,2,
D:\Dropbox\BGU-ISE-Ph.D\ICSML2016\ICSML2016 - Lec2\PDF samples\bec7d3ee68b9ba98e97523037bbca22b1d37dbc34e975707d9965695bbbc76ad,0,0,0,0,0,0,3,12,1,25,1,2,1,2,
D:\Dropbox\BGU-ISE-Ph.D\ICSML2016\ICSML2016 - Lec2\PDF samples\bfb55d65112e70faa07b47fe47a6dcc9746b94f2e8fc3af027a3146f61af36e3,0,0,0,0,0,0,3,33,14,68,1,31,1,2,
D:\Dropbox\BGU-ISE-Ph.D\ICSML2016\ICSML2016 - Lec2\PDF samples\bfb8499fdb7d842c7cfc5281af10870c8c83f15c2b2c9957b75bc9770846b7d3,0,0,0,0,0,0,3,35,16,71,1,35,1,2,
D:\Dropbox\BGU-ISE-Ph.D\ICSML2016\ICSML2016 - Lec2\PDF samples\bfdd764ad1f3735f2155ad9bcc1d05e7b6bc2a3e18fa5fc587574b8ab99c32ed,0,0,0,0,0,0,2,7,5,15,1,10,0,2,
D:\Dropbox\BGU-ISE-Ph.D\ICSML2016\ICSML2016 - Lec2\PDF samples\c0097651a59f9d4ebd8322bebeb344593ee916b1d95cab40b176547b6f281511,0,0,0,0,0,0,3,25,8,53,1,19,1,2,
D:\Dropbox\BGU-ISE-Ph.D\ICSML2016\ICSML2016 - Lec2\PDF samples\c0bf6f6eb5595107a664941af4f2d87e0051d683bf6ae9cf61d2b9e8235c6095,0,0,0,0,0,0,3,33,14,67,1,28,1,2,
D:\Dropbox\BGU-ISE-Ph.D\ICSML2016\ICSML2016 - Lec2\PDF samples\c14ea6bacaa2ff2023d0613208f24ecbf5951aaa6c81ec51b58f0c4fbe715467,0,0,0,0,0,0,3,23,4,47,1,8,1,2,
D:\Dropbox\BGU-ISE-Ph.D\ICSML2016\ICSML2016 - Lec2\PDF samples\c275ceb908c1863358f09a290c7a25f3265c719b502c73822787989def17d8e0,0,0,0,0,0,0,2,7,5,15,1,10,0,2,
D:\Dropbox\BGU-ISE-Ph.D\ICSML2016\ICSML2016 - Lec2\PDF samples\c27b278dd427761754841c7dab584387a776cb8470a35d235070eb264dadf5d3,0,0,0,0,0,0,3,26,11,54,1,25,1,2,
D:\Dropbox\BGU-ISE-Ph.D\ICSML2016\ICSML2016 - Lec2\PDF samples\c2d8f49038a1f98fd855493ccb442d3f9fa07bbadafb6746bee38b820594c688,0,0,0,0,0,0,3,22,7,45,1,17,1,2,
D:\Dropbox\BGU-ISE-Ph.D\ICSML2016\ICSML2016 - Lec2\PDF samples\c4375373fd34f7364c24a58fbb6712ebee7be52f4b5917217863dcb541e7201c,0,0,0,0,0,0,3,8,1,16,1,2,1,2,
D:\Dropbox\BGU-ISE-Ph.D\ICSML2016\ICSML2016 - Lec2\PDF samples\c98f499e6f0c5a9f7a6657dd9b88506a697067a987c276c640319e7f11d5703e,0,0,0,0,0,0,3,12,1,25,1,2,1,2,
D:\Dropbox\BGU-ISE-Ph.D\ICSML2016\ICSML2016 - Lec2\PDF samples\c997895d8d83826e18b8dd6c1e7f4f6d11bd13fac3713ee40d143801316c2309,0,0,0,0,0,0,3,27,8,55,1,16,1,2,
D:\Dropbox\BGU-ISE-Ph.D\ICSML2016\ICSML2016 - Lec2\PDF samples\c9cadf10d94d873741e0a0aae7ac1a19e2829494945c5ce3646bcdc0f69a5278,0,0,0,0,0,0,3,28,9,57,1,18,1,2,
D:\Dropbox\BGU-ISE-Ph.D\ICSML2016\ICSML2016 - Lec2\PDF samples\c9ffa0fd5ed152994451ef3fdde499c43e1c56ddf66407af0af51a9ce45590d4,0,2,0,0,0,0,4,17,3,34,2,6,2,4,
D:\Dropbox\BGU-ISE-Ph.D\ICSML2016\ICSML2016 - Lec2\PDF samples\ca1f259b49e3f76615b015508ca1a028cebb671d95fab0bd1ec15a7ef7843d86,0,0,0,0,0,1,4,24,5,48,1,10,1,2,
D:\Dropbox\BGU-ISE-Ph.D\ICSML2016\ICSML2016 - Lec2\PDF samples\cb2b033e46885f1e79e181d95907705df2d0f0fb84e0cfff26865a437ba9a741,0,0,0,0,0,0,3,24,5,49,1,10,1,2,
D:\Dropbox\BGU-ISE-Ph.D\ICSML2016\ICSML2016 - Lec2\PDF samples\cb6fcc18bf61ce0a85cc21a2d6c70770c721a9b7286af446870b6663380fb501,0,0,0,0,0,0,3,26,7,53,1,14,1,2,
D:\Dropbox\BGU-ISE-Ph.D\ICSML2016\ICSML2016 - Lec2\PDF samples\ccb7c5e1e7955f284e8d0441dfeadd7f66244f93bf0139c19a796fd6823f1bcd,0,0,0,0,0,1,3,18,4,36,1,8,1,2,
D:\Dropbox\BGU-ISE-Ph.D\ICSML2016\ICSML2016 - Lec2\PDF samples\ccd25fa8a3a74dafc70adc602b7f79bb7127dd5d048978a2faaa00293b4409ae,0,0,0,0,0,0,3,33,18,67,1,39,1,2,
D:\Dropbox\BGU-ISE-Ph.D\ICSML2016\ICSML2016 - Lec2\PDF samples\cd525ffc021996b0482e20d5fc9a43f4324e042bcad3faf51a3aaf36ce339acd,0,0,0,0,0,0,3,23,4,47,1,8,1,2,
D:\Dropbox\BGU-ISE-Ph.D\ICSML2016\ICSML2016 - Lec2\PDF samples\cd714085a67905ea2bcc52ab2a3d09572e83e4cba978aeda217b441b608d2ea2,0,0,0,0,0,0,2,6,4,13,1,8,0,2,
D:\Dropbox\BGU-ISE-Ph.D\ICSML2016\ICSML2016 - Lec2\PDF samples\ce10d1610685f82e667210c5653cf0a29ec8efe6f3908d59546fbcc556c7ecee,0,0,0,0,0,0,3,25,6,52,1,12,1,2,
D:\Dropbox\BGU-ISE-Ph.D\ICSML2016\ICSML2016 - Lec2\PDF samples\ce41c7220dc634d9bbafe1b284733ac61e364258ef14f2ca8a54677c7ff475c3,0,0,0,0,0,0,3,21,6,44,1,15,1,2,
D:\Dropbox\BGU-ISE-Ph.D\ICSML2016\ICSML2016 - Lec2\PDF samples\ce8d8e61c0e63a4f3856598a4dda92edffe68a941648af208ca397ce525c4e7a,0,0,0,0,0,0,3,27,12,55,1,27,1,2,
D:\Dropbox\BGU-ISE-Ph.D\ICSML2016\ICSML2016 - Lec2\PDF samples\cf0384ab7db17030df444cde135022906b226ae3f530966792ccff5a24d7512f,0,0,0,0,0,0,3,13,2,28,1,4,1,2,
D:\Dropbox\BGU-ISE-Ph.D\ICSML2016\ICSML2016 - Lec2\PDF samples\cf4dd1001c2a0115943e84fc83f33049cbd82a0695a85d586fb9ead1159580b8,0,0,0,0,0,0,3,26,11,54,1,25,1,2,
D:\Dropbox\BGU-ISE-Ph.D\ICSML2016\ICSML2016 - Lec2\PDF samples\cf5117c82dd700a830d83f1f062d5778c23cec451f0018478a0d519efcadaead,0,0,0,0,0,0,0,17,17,35,1,34,0,2,
D:\Dropbox\BGU-ISE-Ph.D\ICSML2016\ICSML2016 - Lec2\PDF samples\cf7e5f46ec9f61d180f36247067a138b6f5d887ee650c8481c78e0217f4af488,0,0,0,0,0,0,3,33,18,67,1,39,1,2,
D:\Dropbox\BGU-ISE-Ph.D\ICSML2016\ICSML2016 - Lec2\PDF samples\d09d01fdcad6c49e540a922bc0ae7e691d3b4abd295e3d4fd40167f7a4ad3aa8,0,0,0,0,0,0,3,23,4,47,1,8,1,2,
D:\Dropbox\BGU-ISE-Ph.D\ICSML2016\ICSML2016 - Lec2\PDF samples\d0ec85af45d95b944ea10f75d214f0b23e032ecd46f995df0525a9bbf23cd965,0,0,0,0,0,0,3,25,6,52,1,12,1,2,
D:\Dropbox\BGU-ISE-Ph.D\ICSML2016\ICSML2016 - Lec2\PDF samples\d183f7b5e2131c5e508ae62808a2d9c0bc4b6f88f562efc847be82b7f0134120,0,0,0,0,0,0,3,48,25,101,1,53,1,2,
D:\Dropbox\BGU-ISE-Ph.D\ICSML2016\ICSML2016 - Lec2\PDF samples\d2c20723e19d2384a9bbf0ecac6f6a4c20bb56948a4b552d161d487c7637b97f,0,0,0,0,0,0,3,23,4,47,1,8,1,2,
D:\Dropbox\BGU-ISE-Ph.D\ICSML2016\ICSML2016 - Lec2\PDF samples\d391f9e8751a768a1534265230d453c5fab77a0ef4021a35d6774f33f9566ead,0,0,0,1,0,0,3,9,4,20,2,8,2,4,
D:\Dropbox\BGU-ISE-Ph.D\ICSML2016\ICSML2016 - Lec2\PDF samples\d3f26c71fe27f6421dad8569e46d432a21b2b6d3b7481cf6f98f7e4ae2fa6134,0,1,0,0,0,0,19,62,16,124,2,32,2,4,
D:\Dropbox\BGU-ISE-Ph.D\ICSML2016\ICSML2016 - Lec2\PDF samples\d471b8db28e6e1eaa8520a3994020996da883faa60b808e74b6b1d08ed6c7628,0,0,0,0,0,0,3,24,5,53,1,10,1,2,
D:\Dropbox\BGU-ISE-Ph.D\ICSML2016\ICSML2016 - Lec2\PDF samples\d7a1fdd618c6a17351484c5417da9a134cd76a03b8d5c385731d25d154ad61b6,0,0,0,0,0,0,3,30,19,79,1,38,1,2,
D:\Dropbox\BGU-ISE-Ph.D\ICSML2016\ICSML2016 - Lec2\PDF samples\d85c11be3ebb5c976656231c4712c7893555fa1181c75c6813f0eaf4b0ef2d07,0,0,0,0,0,0,3,45,30,99,1,63,1,2,
D:\Dropbox\BGU-ISE-Ph.D\ICSML2016\ICSML2016 - Lec2\PDF samples\d8a93026380224c6f4d0eb23bef32ac64487b831d0ba63c1a2912dab9a2fec05,0,0,0,0,0,0,3,61,46,142,1,95,1,2,
D:\Dropbox\BGU-ISE-Ph.D\ICSML2016\ICSML2016 - Lec2\PDF samples\d99d866eb3e1a016d7dd67e0bbd724acfa8bbf7f8c1a175027e91e08a20e360c,0,0,0,0,0,0,3,20,5,45,1,10,1,2,
D:\Dropbox\BGU-ISE-Ph.D\ICSML2016\ICSML2016 - Lec2\PDF samples\d9aa2272855514190d187d385f03b699a5ced5ed664956ba3d1f2ea30d499c19,0,0,0,0,0,0,3,12,1,25,1,2,1,2,
D:\Dropbox\BGU-ISE-Ph.D\ICSML2016\ICSML2016 - Lec2\PDF samples\db3b8d8a39ef05897ee62051f81eb60a98cbc94d6b39365a5bf09334a2893f1b,0,0,0,0,0,0,3,29,14,63,1,31,1,2,
D:\Dropbox\BGU-ISE-Ph.D\ICSML2016\ICSML2016 - Lec2\PDF samples\db7b9b6d9d9e5c3b373b4aace5a95eef894a1f04e2fd9b9f216e20aef29c5af0,0,0,0,0,0,0,3,23,4,47,1,8,1,2,
D:\Dropbox\BGU-ISE-Ph.D\ICSML2016\ICSML2016 - Lec2\PDF samples\dc7e223f8d85db8b673745aa1a404d876e38b88c305e8c90184d26efa0421481,0,0,0,0,0,0,3,23,4,47,1,8,1,2,
D:\Dropbox\BGU-ISE-Ph.D\ICSML2016\ICSML2016 - Lec2\PDF samples\de29f952dbfe121416570a9228e4ea4b4da73c4701a79e06fa04f1c82c42c8a5,0,0,0,0,0,0,3,28,9,57,1,18,1,2,
D:\Dropbox\BGU-ISE-Ph.D\ICSML2016\ICSML2016 - Lec2\PDF samples\df45a36f4fd2068393e814c180c2c3cacf2a0186f906ceb2f19b17a1e1877002,0,0,0,0,0,0,3,30,15,61,1,33,1,2,
D:\Dropbox\BGU-ISE-Ph.D\ICSML2016\ICSML2016 - Lec2\PDF samples\df84984997a36ea450532ef8b2ea32fee4fcb5e9529767bd9a29e036777c7deb,0,0,0,0,0,0,3,22,3,45,1,6,1,2,
D:\Dropbox\BGU-ISE-Ph.D\ICSML2016\ICSML2016 - Lec2\PDF samples\df891b9e94bc9ce40996963f92f67cb3ec448b417fd13b96545daa8c09af8615,0,0,0,0,0,0,3,29,6,63,1,12,1,2,
D:\Dropbox\BGU-ISE-Ph.D\ICSML2016\ICSML2016 - Lec2\PDF samples\dfdbbd823659a74c8430837c9c7cacdd93b2a326ee0957ffd79e4574d6db1379,0,0,0,0,0,0,3,22,3,47,1,6,1,2,
D:\Dropbox\BGU-ISE-Ph.D\ICSML2016\ICSML2016 - Lec2\PDF samples\e0116132e0b6d06857a6145217d89902d57a15cb7bfcc7c56d22b47ef6d269b7,0,0,0,0,0,0,3,23,4,47,1,8,1,2,
D:\Dropbox\BGU-ISE-Ph.D\ICSML2016\ICSML2016 - Lec2\PDF samples\e11c74e06d07b65555ea1968abefca7d5913d47c0d848bfa63c53b6de928db39,0,0,0,0,0,0,3,16,1,32,1,2,1,2,
D:\Dropbox\BGU-ISE-Ph.D\ICSML2016\ICSML2016 - Lec2\PDF samples\e1849e5d43de15247288ea4b935033e39be22bcaca6406c934e959d5e34b55ac,0,0,0,0,0,0,3,25,6,54,1,12,1,2,
D:\Dropbox\BGU-ISE-Ph.D\ICSML2016\ICSML2016 - Lec2\PDF samples\e303c9ca2c55f3679cfd17290ff0ede21385c178319c51c6e655c8e915cc9f2b,0,0,0,0,0,0,3,35,20,79,1,43,1,2,
D:\Dropbox\BGU-ISE-Ph.D\ICSML2016\ICSML2016 - Lec2\PDF samples\e327d18366248e8579bbc52e1b00da575dfefc2991646b843b22710fb0a6ca89,0,0,0,0,0,0,3,12,1,25,1,2,1,2,
D:\Dropbox\BGU-ISE-Ph.D\ICSML2016\ICSML2016 - Lec2\PDF samples\e352e9e768bb58fd96389fdb79c5f3e96f45609dddcaaec732701f03d3ab20fb,2,0,0,0,0,0,3,14,1,28,1,2,1,2,
D:\Dropbox\BGU-ISE-Ph.D\ICSML2016\ICSML2016 - Lec2\PDF samples\e3665b23e2f845271aec58a17b7989550c47dc6c888435629a8f5d8717d58dd5,0,0,0,0,0,0,3,22,7,45,1,17,1,2,
D:\Dropbox\BGU-ISE-Ph.D\ICSML2016\ICSML2016 - Lec2\PDF samples\e3b2003a50f868b2aa7b6b167478c818179655046ffc73a873db70cd561ffd74,0,0,0,0,0,0,3,26,7,53,1,14,1,2,
D:\Dropbox\BGU-ISE-Ph.D\ICSML2016\ICSML2016 - Lec2\PDF samples\e3da2110071450f446607d6abef3d945459a5bc147f45e3350d6b350d4b585a7,0,0,0,0,0,0,3,19,4,42,1,8,1,2,
D:\Dropbox\BGU-ISE-Ph.D\ICSML2016\ICSML2016 - Lec2\PDF samples\e3f3bc196603e7e9ca941a9154a5d7e734faa40a8ac495bd4854ab54f118dd11,0,0,0,0,0,0,3,18,3,37,1,6,1,2,
D:\Dropbox\BGU-ISE-Ph.D\ICSML2016\ICSML2016 - Lec2\PDF samples\e50f76548ca0141e7403fd9339e9423105d6264b2cad2c755bbf47ffd7f79b30,0,0,0,0,0,0,3,18,3,37,1,6,1,2,
D:\Dropbox\BGU-ISE-Ph.D\ICSML2016\ICSML2016 - Lec2\PDF samples\e5ae410ba3f8a2216788f308adddda8554c6ed598fbcdbba45d70a58e3476b67,0,0,0,0,0,0,3,41,26,83,1,55,1,2,
D:\Dropbox\BGU-ISE-Ph.D\ICSML2016\ICSML2016 - Lec2\PDF samples\e5b473e974aa5c95b3fecd3ad57b5e13e8ffb84a37e75ae328126910aa024dc6,0,0,0,0,0,0,3,18,3,39,1,6,1,2,
D:\Dropbox\BGU-ISE-Ph.D\ICSML2016\ICSML2016 - Lec2\PDF samples\e644aed0b445a5074ddad1e91dcde4fe7c7e90111011a5b9ba5c7a217c62f9f7,0,0,0,0,0,0,2,7,5,15,1,10,0,2,
D:\Dropbox\BGU-ISE-Ph.D\ICSML2016\ICSML2016 - Lec2\PDF samples\e75d99a375133316ce2a9d3a2d920ac273689ed0e4bce45c6927530b7f89c0fe,0,0,0,0,0,0,3,28,13,57,1,29,1,2,
D:\Dropbox\BGU-ISE-Ph.D\ICSML2016\ICSML2016 - Lec2\PDF samples\e78cf28d0b972a2bbfbbf71e618211f393cc9fa5806f4f124b6d81a50d8fc752,0,0,0,0,0,0,3,22,3,45,1,6,1,2,
D:\Dropbox\BGU-ISE-Ph.D\ICSML2016\ICSML2016 - Lec2\PDF samples\e7a13909aa999fe81cda42e5922e7d4554276e608e742e13224d05f08104a662,0,0,0,0,0,0,3,38,23,99,1,46,1,2,
D:\Dropbox\BGU-ISE-Ph.D\ICSML2016\ICSML2016 - Lec2\PDF samples\e91dba5ff537ce1c43bfe09bedf4291162040908cd2b23d066f8f975f38858cb,0,0,0,0,0,0,3,15,4,32,1,8,1,2,
D:\Dropbox\BGU-ISE-Ph.D\ICSML2016\ICSML2016 - Lec2\PDF samples\ea45a152405a2dd4856b4fd15df538a7cbd4063a48c3e9aa883588295eb6300b,0,0,0,0,0,0,3,22,7,45,1,17,1,2,
D:\Dropbox\BGU-ISE-Ph.D\ICSML2016\ICSML2016 - Lec2\PDF samples\eac1f9f50484c5c6fefdeb347355192da8e0587fe16b5673bb5ab33a4740bdc4,0,0,0,0,0,0,3,24,9,49,1,21,1,2,
D:\Dropbox\BGU-ISE-Ph.D\ICSML2016\ICSML2016 - Lec2\PDF samples\eae6faaeaa95a60cd10b67b75aa0370011deecd2202770178aa5458be5776a75,0,0,0,0,0,0,3,28,13,58,1,29,1,2,
D:\Dropbox\BGU-ISE-Ph.D\ICSML2016\ICSML2016 - Lec2\PDF samples\ec6cb8db0997f53a32dcaf1dc8de4a9878687004d5739171d9081040650d699c,0,0,0,0,0,0,3,27,8,61,1,16,1,2,
D:\Dropbox\BGU-ISE-Ph.D\ICSML2016\ICSML2016 - Lec2\PDF samples\ecbd52e91b975eb5a96d5d45aa8b49cfeea4e4323cb598219aaf2f6fe5a1e3e1,0,0,0,0,0,0,3,18,3,37,1,6,1,2,
D:\Dropbox\BGU-ISE-Ph.D\ICSML2016\ICSML2016 - Lec2\PDF samples\edc9851eb17bd28f074487e1001ec8d5bb3df2f06c708756b7beba9f9d3a1e39,0,0,0,0,0,0,0,9,9,19,1,18,0,2,
D:\Dropbox\BGU-ISE-Ph.D\ICSML2016\ICSML2016 - Lec2\PDF samples\edc9f1ca77d82478bce7caf4c409ae9a36f5e7041c93d25b98352be6fc9c27d7,0,0,0,0,0,0,3,46,31,101,1,65,1,2,
D:\Dropbox\BGU-ISE-Ph.D\ICSML2016\ICSML2016 - Lec2\PDF samples\ee7920f8fb429eae81cfb70788d6089f3062bd3dd6a18f8cae65637ce295be06,0,0,0,0,0,1,5,39,10,78,2,20,2,4,
D:\Dropbox\BGU-ISE-Ph.D\ICSML2016\ICSML2016 - Lec2\PDF samples\ee8f2f7cd326cf16828622124ee4248382bc818bb315c59945c26b8d04d2c87b,0,0,0,0,0,0,3,38,23,78,1,46,1,2,
D:\Dropbox\BGU-ISE-Ph.D\ICSML2016\ICSML2016 - Lec2\PDF samples\ee9809f40a2f040471f9298285709e8397d677cd40424f3ac9d40286945681c1,0,0,0,0,0,0,3,32,9,66,1,18,1,2,
D:\Dropbox\BGU-ISE-Ph.D\ICSML2016\ICSML2016 - Lec2\PDF samples\ef9c8dc187b2818a646be20a0b929c291243d283ee96b8d1bc79535aaa48e360,0,0,0,0,0,0,3,36,21,73,1,45,1,2,
D:\Dropbox\BGU-ISE-Ph.D\ICSML2016\ICSML2016 - Lec2\PDF samples\effa823602dfc4236e6fa16e23bf9b63c34f1f8d74d763513989c4ef47030a27,0,0,0,0,0,0,3,26,7,59,1,14,1,2,
D:\Dropbox\BGU-ISE-Ph.D\ICSML2016\ICSML2016 - Lec2\PDF samples\f09328e08c4cde59d194e3598100e2ddb4d23370855cc40de63d95b15c50e621,0,0,0,0,0,0,3,12,1,25,1,2,1,2,
D:\Dropbox\BGU-ISE-Ph.D\ICSML2016\ICSML2016 - Lec2\PDF samples\f1146d44693c1e7f0d80511f46bfb4832a49a66f407c0338be632f233d26a513,0,0,0,0,0,0,2,14,11,32,2,22,0,4,
D:\Dropbox\BGU-ISE-Ph.D\ICSML2016\ICSML2016 - Lec2\PDF samples\f1233230a753434f1b5964f2495f6a3fe2aa1bfa9a42cacebe72f3732c7580c4,0,0,0,0,0,0,3,40,25,81,1,53,1,2,
D:\Dropbox\BGU-ISE-Ph.D\ICSML2016\ICSML2016 - Lec2\PDF samples\f15a67e5d1563c62f50ae71286609de817fd065c0445993a84bd76f8ee5a0dd5,0,0,0,0,0,1,3,23,6,46,1,12,1,2,
D:\Dropbox\BGU-ISE-Ph.D\ICSML2016\ICSML2016 - Lec2\PDF samples\f16de8481a7a2a26a6c12542b5b44425c9462c35a077750b8a60bfd71397a23a,0,0,0,0,0,0,4,40,10,80,1,20,1,2,
D:\Dropbox\BGU-ISE-Ph.D\ICSML2016\ICSML2016 - Lec2\PDF samples\f502230a0995fbc83812cd9d5e6c38ed2746fa1ae0350f5bb89de4a9c4cf01f9,0,0,0,0,0,0,2,6,4,13,1,8,0,2,
D:\Dropbox\BGU-ISE-Ph.D\ICSML2016\ICSML2016 - Lec2\PDF samples\f53ad974a3628ce3f462423ed0287a2e95bfafe8334ca1a4cb7e0bff55c6b074,0,0,0,0,0,0,3,30,7,61,1,14,1,2,
D:\Dropbox\BGU-ISE-Ph.D\ICSML2016\ICSML2016 - Lec2\PDF samples\f555d98814faf8c66ae1b61852ea1b84f73d249d7e3b79b45a798843ad598b10,0,0,0,0,0,0,3,26,7,58,1,14,1,2,
D:\Dropbox\BGU-ISE-Ph.D\ICSML2016\ICSML2016 - Lec2\PDF samples\f5ead0c7ada65b5298ba99f41aea0bc30612a968305fa3141db2c5816d19666e,0,0,0,0,0,0,2,14,11,32,2,22,0,4,
D:\Dropbox\BGU-ISE-Ph.D\ICSML2016\ICSML2016 - Lec2\PDF samples\f600ac0374613effb7f0aabc1c1f9a78c31c19a51d94e40f76abb412e91a8c9e,0,0,0,0,0,0,3,8,4,19,2,8,2,6,
D:\Dropbox\BGU-ISE-Ph.D\ICSML2016\ICSML2016 - Lec2\PDF samples\f64d94f9c3d9c7f7f5ea96d117f0e18eabffa98913842d0771a99546110e8ba2,0,0,0,0,0,0,3,28,9,57,1,18,1,2,
D:\Dropbox\BGU-ISE-Ph.D\ICSML2016\ICSML2016 - Lec2\PDF samples\f69f7a6ece73f3372ca29bda7d0b5ddc2018ebd048350a16e64bed7aea525757,0,0,0,0,0,0,3,36,13,73,1,26,1,2,
D:\Dropbox\BGU-ISE-Ph.D\ICSML2016\ICSML2016 - Lec2\PDF samples\f6dbb390e74f89cae73872bafb5797be0e54f9d1d9d936b22fe8c3e44c62ee8b,0,0,0,0,0,0,2,7,5,15,1,10,0,2,
D:\Dropbox\BGU-ISE-Ph.D\ICSML2016\ICSML2016 - Lec2\PDF samples\f74df8c6283467dfe2e0af0a1bd7e2a5ea7302cdaa58a3a84703d112bc84207d,0,0,0,0,0,0,3,12,1,25,1,2,1,2,
D:\Dropbox\BGU-ISE-Ph.D\ICSML2016\ICSML2016 - Lec2\PDF samples\f761c9721246de14b5ce57f5e13e9a94f5207768bac023933ee206b845bf3d18,0,0,0,0,0,0,3,25,6,52,1,12,1,2,
D:\Dropbox\BGU-ISE-Ph.D\ICSML2016\ICSML2016 - Lec2\PDF samples\f7c92d446aecfbc7f3ca21ee124a0def5a6c62c22f5fba6f07eed5aec2fb5844,0,0,0,0,0,0,3,32,5,69,1,10,1,2,
D:\Dropbox\BGU-ISE-Ph.D\ICSML2016\ICSML2016 - Lec2\PDF samples\f84d4eaab35b060c5688571c29e4a434796ab3826a8d0bc94d0fc001c627ef90,0,0,0,0,0,0,3,38,23,99,1,46,1,2,
D:\Dropbox\BGU-ISE-Ph.D\ICSML2016\ICSML2016 - Lec2\PDF samples\f990d1d36d62d54670a3f1666830fe16032900851b55599588947985674857d0,0,0,0,0,0,0,3,28,13,58,1,29,1,2,
D:\Dropbox\BGU-ISE-Ph.D\ICSML2016\ICSML2016 - Lec2\PDF samples\f9a25118028544469cdeb0adb5819ebee435c6c09507d071b085f98dbea0babb,0,0,0,0,0,0,3,41,18,95,1,36,1,2,
D:\Dropbox\BGU-ISE-Ph.D\ICSML2016\ICSML2016 - Lec2\PDF samples\fa343390ca68211252ce8f6e2c8314b5cf44029ac4fb26a0fb62f0a4b404bb97,0,0,0,0,0,0,3,25,6,51,1,12,1,2,
D:\Dropbox\BGU-ISE-Ph.D\ICSML2016\ICSML2016 - Lec2\PDF samples\fa3f808501e7d697545b92b8583a8756b2c0b9d3f8a67f876d4c62b7ed021b98,0,0,0,0,0,0,3,28,9,65,1,18,1,2,
D:\Dropbox\BGU-ISE-Ph.D\ICSML2016\ICSML2016 - Lec2\PDF samples\fa6b9f31d4f9321cdaeb970c0d5d7599b0dff4fe28d1feee168b5f8242562664,0,0,0,0,0,0,3,23,4,47,1,8,1,2,
D:\Dropbox\BGU-ISE-Ph.D\ICSML2016\ICSML2016 - Lec2\PDF samples\fbdba47f2dc780031167c21fea0282c7ae6040a091d896b09aa23cccd1a792a0,0,0,0,0,1,0,3,28,8,57,2,16,2,6,
D:\Dropbox\BGU-ISE-Ph.D\ICSML2016\ICSML2016 - Lec2\PDF samples\fc03da28fc4feec17a8950baf1194825126375112bde6faf3f1c94b2be40fb5e,0,0,0,0,0,0,3,42,19,99,1,38,1,2,
D:\Dropbox\BGU-ISE-Ph.D\ICSML2016\ICSML2016 - Lec2\PDF samples\fc4dc84de7aa699ffbcc961d96a245583b34a14f7810d2ec5b8074dee7566135,0,0,0,0,0,0,3,34,11,69,1,22,1,2,
D:\Dropbox\BGU-ISE-Ph.D\ICSML2016\ICSML2016 - Lec2\PDF samples\fc608d1eb3735509d6645f85c879757b16601c01fadb13328cd86f5b0ebfdda8,0,0,0,0,0,0,3,12,1,25,1,2,1,2,
D:\Dropbox\BGU-ISE-Ph.D\ICSML2016\ICSML2016 - Lec2\PDF samples\fee01e5eeca278116ab372b432dc04519f3eb4d6c0c10b641f0c252fa1f36201,0,0,0,0,0,0,3,23,8,47,1,19,1,2,
D:\Dropbox\BGU-ISE-Ph.D\ICSML2016\ICSML2016 - Lec2\PDF samples\ffd3381747bd3cd79a53155603e3331df9a6b3a4cd2d27e5b368b9601a8c9ebe,0,0,0,0,0,0,3,28,13,58,1,29,1,2,
